Workbook

Sheet HDSD
A1: Đổi định dạng ngày trên hệ thống máy tính (Windows)
A2: Đây là bước quan trọng nhất vì Excel sẽ lấy định dạng mặc định từ hệ thống máy tính của bạn.
A3: 1. Bấm phím Windows trên bàn phím (hoặc click vào nút Start), gõ chữ Control Panel và mở ứng dụng này lên.
A4: 2. Tại mục View by ở góc trên bên phải, chọn Category. Sau đó bấm vào Clock and Region (Đồng hồ và Vùng) > Chọn tiếp Region (Vùng).
A5: 3. Một hộp thoại sẽ hiện ra, tại thẻ Formats:
A6: Mục Format: Bạn có thể chọn Vietnamese (Vietnam) hoặc English (United Kingdom).
A7: Mục Short date (Ngày ngắn): Bạn click vào mũi tên trỏ xuống và chọn dd/MM/yyyy (nếu không có sẵn, bạn có thể bôi đen và gõ trực tiếp chữ dd/MM/yyyy vào ô này).
A8: (Lưu ý: Chữ 'M' viết hoa để hệ thống phân biệt với 'm' là phút).
A9: 4. Bấm Apply rồi chọn OK.
A10: Sau bước này, khi bạn nhìn xuống góc dưới cùng bên phải màn hình máy tính (chỗ hiển thị đồng hồ), bạn sẽ thấy ngày tháng đã được chuyển về chuẩn Việt Nam.
A12: Nhập dữ liệu
A13: - Chỉ nhập thông tin cho các sheet "KHÓA HỌC", "THÔNG TIN HV","ĐIỂM"
... A16: Điều chỉnh trước khi in

Sheet THỐNG KÊ
B2: THÔNG TIN LỚP HỌC | I2: THỐNG KÊ LỚP HỌC
C3: Tên nghề đào tạo | E3: Chăm sóc cà phê Vối | I3: Nội dung thống kê | K3: Nhập học | L3: Tốt nghiệp
C4: Khóa | E4: 1 | I4: Tổng số học viên | K4: =SUM(K5:K9) | L4: =COUNTIF('Thông tin HV'!Z4:Z38,"x")
C5: Năm đào tạo | E5: 2019 | I5: Nhóm đối tượng | J5: 1 | K5: =COUNTIF('Thông tin HV'!$M$4:$M$38,J5) | L5: =COUNTIF(#REF!,J5)
C6: Địa điểm đào tạo | D6: Xã: | E6: ĐăkTrăm | J6: 2 | K6: =COUNTIF('Thông tin HV'!$M$4:$M$38,J6) | L6: =COUNTIF(#REF!,J6)
D7: Huyện: | E7: =VLOOKUP(E6,#REF!,2,0) | J7: 3 | K7: =COUNTIF('Thông tin HV'!$M$4:$M$38,J7) | L7: =COUNTIFS('Thông tin HV'!Z4:Z38,"x",'Thông tin HV'!L4:L38,"Người dân tộc thiểu số")
C8: Là nghề | E8: =VLOOKUP(E3,IDs!$B$4:$C$33,2,1) | J8: 4 | K8: =COUNTIF('Thông tin HV'!$M$4:$M$38,J8) | L8: =COUNTIF(#REF!,J8)
J9: 5 | K9: =COUNTIF('Thông tin HV'!$M$4:$M$38,J9) | L9: =COUNTIF(#REF!,J9)
I10: Nữ | K10: =COUNTIF('Thông tin HV'!$E$4:$E$38,"Nữ") | L10: =COUNTIFS('Thông tin HV'!Z4:Z38,"x",'Thông tin HV'!E4:E38,"Nữ")
B11: CÔNG CỤ TẠO HỒ SƠ LỚP ĐÀO TẠO NGHỀ | I11: Dân tộc thiểu số | K11: =COUNTIF('Thông tin HV'!L4:L38,"Người dân tộc thiểu số") | L11: =COUNTIFS('Thông tin HV'!Z4:Z36,"x",'Thông tin HV'!L4:L36,"Người dân tộc thiểu số")
B12: 1 | C12: Quyết định mở lớp | I12: Nữ dân tộc thiểu số | K12: =COUNTIFS('Thông tin HV'!L4:L38,"Người dân tộc thiểu số",'Thông tin HV'!E4:E38,"Nữ") | L12: =COUNTIFS('Thông tin HV'!Z4:Z38,"x",'Thông tin HV'!L4:L38,"Người dân tộc thiểu số",'Thông tin HV'!E4:E38,"Nữ")
B13: 2 | C13: Quyết định điều động | I13: Thanh niên | K13: =COUNTIF('Thông tin HV'!I4:I38,"x") | L13: =COUNTIFS('Thông tin HV'!Z4:Z38,"x",'Thông tin HV'!I4:I38,"X")
B14: 3 | C14: Quyết định thành lập BQL lớp | I14: Thanh niên DTTS | K14: =COUNTIF('Thông tin HV'!J4:J38,"x") | L14: =COUNTIFS('Thông tin HV'!Z4:Z38,"x",'Thông tin HV'!J4:J38,"X")
B15: 4 | C15: Quyết định thành lập Hội đồng KT KTKH | I15: Tốt nghiệp THCS | J15: Tổng | K15: =COUNTIF('Thông tin HV'!K4:K38,">=9") | L15: =COUNTIFS('Thông tin HV'!K4:K38,">=9",'Thông tin HV'!Z4:Z38,"x")
B16: 5 | C16: Biên bản họp Hội đồng lần 1 | J16: Nữ | K16: =COUNTIFS('Thông tin HV'!K4:K38,">=9",'Thông tin HV'!E4:E38,"Nữ") | L16: =COUNTIFS('Thông tin HV'!Z4:Z38,"x",'Thông tin HV'!K4:K38,">=9",'Thông tin HV'!E4:E38,"Nữ")
B17: 6 | C17: Bản phân công | J17: DTTS | K17: =COUNTIFS('Thông tin HV'!K4:K38,">=9",'Thông tin HV'!L4:L38,"Người dân tộc thiểu số") | L17: =COUNTIFS('Thông tin HV'!L4:L38,"Người dân tộc thiểu số",'Thông tin HV'!Z4:Z38,"x",'Thông tin HV'!K4:K38,">=9")
B18: 7 | C18: Biên bản họp Hội đồng Thi lại | I18: Từ 25 tuổi trở xuống | J18: Tổng | K18: =COUNTIF('Thông tin HV'!D4:D38,">=1994") | L18: =COUNTIFS('Thông tin HV'!Z4:Z38,"x",'Thông tin HV'!AA4:AA38,"<=25")
B19: 8 | C19: Biên bản họp Hội đồng lần 2 | J19: Nữ | K19: =COUNTIFS('Thông tin HV'!D4:D38,">=1994",'Thông tin HV'!E4:E38,"Nữ") | L19: =COUNTIFS('Thông tin HV'!Z4:Z38,"x",'Thông tin HV'!E4:E38,"Nữ,'Thông tin hoc sinh'!D3:D37, "<="25")
B20: 9 | C20: Quyết định công nhận tốt nghiệp | J20: DTTS | K20: =COUNTIFS('Thông tin HV'!D4:D38,">=1994",'Thông tin HV'!L4:L38,"Người dân tộc thiểu số") | L20: =COUNTIFS('Thông tin HV'!Z4:Z38,"x",'Thông tin HV'!L4:L38,"Người dân tộc thiểu số",'Thông tin HV'!AA4:AA38,"<=25")
B21: 10 | C21: Quyết định khen thưởng | I21: Từ 26 - 45 tuổi | J21: Tổng | K21: =COUNTIFS('Thông tin HV'!D4:D38,"<1994",'Thông tin HV'!D4:D38,">=1973") | L21: =COUNTIFS('Thông tin HV'!Z4:Z38,"x",'Thông tin HV'!AA4:AA38,">25",'Thông tin HV'!AA4:AA38,"<=45")
J22: Nữ | K22: =COUNTIFS('Thông tin HV'!D4:D38,"<1994",'Thông tin HV'!D4:D38,">=1973",'Thông tin HV'!E4:E38,"Nữ") | L22: =COUNTIFS('Thông tin HV'!D4:D38,"<1994",'Thông tin HV'!D4:D38,">=1973",'Thông tin HV'!E4:E38,"Nữ",'Thông tin HV'!Z4:Z38,"x")
C23: XẾP LOẠI TỐT NGHIỆP | J23: DTTS | K23: =COUNTIFS('Thông tin HV'!D4:D38,"<1994",'Thông tin HV'!D4:D38,">=1973",'Thông tin HV'!L4:L38,"Người dân tộc thiểu số") | L23: =COUNTIFS('Thông tin HV'!D4:D38,"<1994",'Thông tin HV'!D4:D38,">=1973",'Thông tin HV'!L4:L38,"Người dân tộc thiểu số",'Thông tin HV'!Z4:Z38,"x")
C24: ='Công nhận tốt nghiệp'!K9 | D24: ='Công nhận tốt nghiệp'!L9 | E24: ='Công nhận tốt nghiệp'!M9 | I24: Từ 46 tuổi trở lên | J24: Tổng | K24: =COUNTIF('Thông tin HV'!D4:D38,"<1973") | L24: =COUNTIFS('Thông tin HV'!D4:D38,"<1973",'Thông tin HV'!Z4:Z38,"x")
C25: ='Công nhận tốt nghiệp'!K10 | D25: =COUNTIF('Công nhận tốt nghiệp'!G8:G38,">=8,95") | E25: ='Công nhận tốt nghiệp'!M10 | J25: Nữ | K25: =COUNTIFS('Thông tin HV'!D4:D38,"<1973",'Thông tin HV'!E4:E38,"Nữ") | L25: =COUNTIFS('Thông tin HV'!D4:D38,"<1973",'Thông tin HV'!E4:E38,"Nữ",'Thông tin HV'!Z4:Z38,"x")
C26: ='Công nhận tốt nghiệp'!K11 | D26: =COUNTIF('Công nhận tốt nghiệp'!G8:G38,">=8,0") | E26: ='Công nhận tốt nghiệp'!M11 | J26: DTTS | K26: =COUNTIFS('Thông tin HV'!D4:D38,"<1973",'Thông tin HV'!L4:L38,"Người dân tộc thiểu số") | L26: =COUNTIFS('Thông tin HV'!D4:D38,"<1973",'Thông tin HV'!L4:L38,"Người dân tộc thiểu số",'Thông tin HV'!Z4:Z38,"x")
C27: ='Công nhận tốt nghiệp'!K12 | D27: =COUNTIFS('Công nhận tốt nghiệp'!G8:G38,">=7,0",'Công nhận tốt nghiệp'!G8:G38,"<8,0") | E27: ='Công nhận tốt nghiệp'!M12
C28: ='Công nhận tốt nghiệp'!K13 | D28: =COUNTIFS('Công nhận tốt nghiệp'!G8:G39,">=6,0",'Công nhận tốt nghiệp'!G8:G39,"<7,0") | E28: ='Công nhận tốt nghiệp'!M13
C29: ='Công nhận tốt nghiệp'!K14 | D29: =COUNTIFS('Công nhận tốt nghiệp'!G8:G40,">=5,0",'Công nhận tốt nghiệp'!G8:G40,"<6,0") | E29: ='Công nhận tốt nghiệp'!M14

Sheet KHÓA HỌC
B2: THÔNG TIN VỀ KHÓA HỌC
B3: Tên khóa học | D3: 01
B4: Năm đào tạo | D4: 2026
B5: Tên nghề đào tạo | D5: Trồng và chăm sóc cà phê
B6: Thời gian đào tạo
C7: Số tháng | D7: 2
C8: Từ ngày | D8: 46157
C9: Đến ngày | D9: 15/7/2026
B10: Giáo viên chủ nhiệm
B11: Giáo viên dạy LT
B12: Giáo viên dạy TH
B15: Địa điểm đào tạo
C16: Thôn | D16: Thôn Đăk Tô 2
C17: Xã | D17: xã Đăk Tô
C18: Tỉnh | D18: tỉnh Quảng Ngãi
B19: Mục tiêu | D19: - Kiến thức Nhấn tổ hợp phím Alt+Enter để xuống dòng
B24: Việc làm sau đào tạo | D24: Nhiều dòng văn bản
B26: Danh sách các module
C27: Mã - Tên module 1 | D27: TCC1 - Trồng cà phê
C28: Mã - Tên module 2 | D28: TCC2 - Chăm sóc cà phê
C29: Mã - Tên module 3
C30: Mã - Tên module 4
C31: Mã - Tên module 5

Sheet Thông tin HV
A2: Số TT | B2: Mã số HV | C2: Họ và tên | D2: Ngày, tháng, năm sinh | E2: Giới tính | F2: Số CC/CCCD | G2: Dân tộc | H2: Tôn giáo | I2: Thanh niên | J2: Thanh niên DTTS | K2: Trình độ văn hóa | L2: Nhóm đối tượng | N2: Nơi sinh | O2: Nguyên quán | P2: Nơi cư trú | Q2: Điện thoại liên hệ | R2: Cha | T2: Mẹ | V2: Vợ/chồng | X2: Kiểm tra tuổi | Y2: Yêu cầu về hồ sơ | Z2: Tốt nghiệp | AA2: Tuổi | AB2: Nữ DTTS | AC2: DTTS | AD2: Thanh niên | AE2: Thanh niên DTTS | AF2: Tốt nghiệp THCS | AI2: Từ 25 tuổi trở xuống | AL2: Từ 26, 45 tuổi | AO2: Từ 46 tuổi trở lên | AR2: Nữ | AS2: Nữ DTTS | AT2: DTTS | AU2: Thanh niên | AV2: Thanh niên DTTS | AW2: Tốt nghiệp THCS | AZ2: Từ 25 tuổi trở xuống | BC2: Từ 26, 45 tuổi | BF2: Từ 46 tuổi trở lên
L3: Tên đối tượng | M3: Thuộc nhóm | R3: Tên | S3: Nghề nghiệp | T3: Tên | U3: Nghề nghiệp | V3: Tên | W3: Nghề nghiệp | AF3: Tổng | AG3: Nữ | AH3: DTTS | AI3: Tổng | AJ3: Nữ | AK3: DTTS | AL3: Tổng | AM3: Nữ | AN3: DTTS | AO3: Tổng | AP3: Nữ | AQ3: DTTS | AW3: Tổng | AX3: Nữ | AY3: DTTS | AZ3: Tổng | BA3: Nữ | BB3: DTTS | BC3: Tổng | BD3: Nữ | BE3: DTTS | BF3: Tổng | BG3: Nữ | BH3: DTTS
A4: 01 | C4: A HVun | D4: 39518 | E4: Nam | G4: Xê Đăng | I4: =IF(AA4="","",IF(AA4<=30,"X","")) | J4: =IF(AND(I4="X",G4<>"Kinh"),"X","") | K4: 9 | L4: Người dân tộc thiểu số | M4: =VLOOKUP(L4,IDs!$H$3:$I$12,2,0) | N4: Thôn ĐăkTrăm, xã Kon Đào, Quảng Ngãi | O4: Thôn ĐăkTrăm, xã Kon Đào, Quảng Ngãi | P4: Thôn ĐăkTrăm, xã Kon Đào, Quảng Ngãi | X4: =IF(D4="","",IF(YEAR(TODAY())-D4<15,"Không đủ tuổi theo học",IF(AND(E4="Nam",YEAR(TODAY())-D4>60),"Quá tuổi theo học",IF(AND(E4="Nữ",YEAR(TODAY())-D4>55),"Quá tuổi theo học","Đảm bảo")))) | Y4: =IF(C4="","",IF(OR(LEFT(C4,1)="Y",LEFT(C4,1)="A"),"",IF(L4<>"Đối tượng lao động nông thôn khác","Cần hồ sơ chứng minh nhóm đối tượng",""))) | AA4: =IF(OR(D4="",'KHÓA HỌC'!$D$8=""),"",DATEDIF(D4,'KHÓA HỌC'!$D$8,"y")) | AB4: =IF(C4<>"",AND(E4="Nữ",L4="Người dân tộc thiểu số"),"") | AC4: =IF(C4<>"",L4="Người dân tộc thiểu số","") | AD4: =IF(C4<>"",'THỐNG KÊ'!$E$5-'Thông tin HV'!D4<31,"") | AE4: =IF(C4<>"",AND(AC4,AD4),"") | AF4: =IF(C4<>"",(K4>=9),"") | AG4: =IF(C4<>"",AND(AF4,E4="Nữ"),"") | AH4: =IF(C4<>"",AND(AF4,AC4),"") | AI4: =IF(C4<>"",'THỐNG KÊ'!$E$5-'Thông tin HV'!D4<26,"") | AJ4: =IF(C4<>"",AND(AI4,E4="Nữ"),"") | AK4: =IF(C4<>"",AND(AI4,AC4),"") | AL4: =IF(C4<>"",AND('THỐNG KÊ'!$E$5-'Thông tin HV'!D4>=26,'THỐNG KÊ'!$E$5-'Thông tin HV'!D4<=45),"") | AM4: =IF(C4<>"",AND(AL4,E4="Nữ"),"") | AN4: =IF(C4<>"",AND(AL4,AC4),"") | AO4: =IF(C4<>"",'THỐNG KÊ'!$E$5-'Thông tin HV'!D4>45,"") | AP4: =IF(C4<>"",AND(AO4,E4="Nữ"),"") | AQ4: =IF(C4<>"",AND(AO4,AC4),"") | AR4: =IF(C4<>"",AND(Z4="x",E4="Nữ"),"") | AS4: =IF(C4<>"",AND(Z4="x",E4="Nữ",L4="Người dân tộc thiểu số"),"") | AT4: =IF(C4<>"",AND(Z4="x",L4="Người dân tộc thiểu số"),"") | AU4: =IF(C4<>"",AND(Z4="x",'THỐNG KÊ'!$E$5-'Thông tin HV'!D4<31),"") | AV4: =IF(C4<>"",AND(Z4="x",AC4,AD4),"") | AW4: =IF(C4<>"",AND(K4>=9,Z4="x"),"") | AX4: =IF(C4<>"",AND(Z4="x",AI4,E4="Nữ"),"") | AY4: =IF(C4<>"",AND(Z4="x",AF4,AC4),"") | AZ4: =IF(C4<>"",AND(Z4="x",'THỐNG KÊ'!$E$5-'Thông tin HV'!D4<26),"") | BA4: =IF(C4<>"",AND(Z4="x",AI4,E4="Nữ"),"") | BB4: =IF(C4<>"",AND(Z4="x",AI4,AC4),"") | BC4: =IF(C4<>"",AND(Z4="x",'THỐNG KÊ'!$E$5-'Thông tin HV'!D4>=26,'THỐNG KÊ'!$E$5-'Thông tin HV'!D4<=45),"") | BD4: =IF(C4<>"",AND(Z4="x",AL4,E4="Nữ"),"") | BE4: =IF(C4<>"",AND(Z4="x",AL4,AC4),"") | BF4: =IF(C4<>"",AND(Z4="x",'THỐNG KÊ'!$E$5-'Thông tin HV'!D4>45),"") | BG4: =IF(C4<>"",AND(Z4="x",AO4,E4="Nữ"),"") | BH4: =IF(C4<>"",AND(Z4="x",AO4,AC4),"")
A5: 02 | C5: A Ngực | D5: 30386 | E5: Nam | G5: Xê Đăng | I5: =IF(AA5="","",IF(AA5<=30,"X","")) | J5: =IF(AND(I5="X",G5<>"Kinh"),"X","") | K5: 12 | L5: Người dân tộc thiểu số | M5: =VLOOKUP(L5,IDs!$H$3:$I$12,2,0) | N5: Thôn ĐăkTrăm, xã Kon Đào, Quảng Ngãi | O5: Thôn ĐăkTrăm, xã Kon Đào, Quảng Ngãi | P5: Thôn ĐăkTrăm, xã Kon Đào, Quảng Ngãi | X5: =IF(D5="","",IF(YEAR(TODAY())-D5<15,"Không đủ tuổi theo học",IF(AND(E5="Nam",YEAR(TODAY())-D5>60),"Quá tuổi theo học",IF(AND(E5="Nữ",YEAR(TODAY())-D5>55),"Quá tuổi theo học","Đảm bảo")))) | Y5: =IF(C5="","",IF(OR(LEFT(C5,1)="Y",LEFT(C5,1)="A"),"",IF(L5<>"Đối tượng lao động nông thôn khác","Cần hồ sơ chứng minh nhóm đối tượng",""))) | AA5: =IF(OR(D5="",'KHÓA HỌC'!$D$8=""),"",DATEDIF(D5,'KHÓA HỌC'!$D$8,"y")) | AB5: =IF(C5<>"",AND(E5="Nữ",L5="Người dân tộc thiểu số"),"") | AC5: =IF(C5<>"",L5="Người dân tộc thiểu số","") | AD5: =IF(C5<>"",'THỐNG KÊ'!$E$5-'Thông tin HV'!D5<31,"") | AE5: =IF(C5<>"",AND(AC5,AD5),"") | AF5: =IF(C5<>"",(K5>=9),"") | AG5: =IF(C5<>"",AND(AF5,E5="Nữ"),"") | AH5: =IF(C5<>"",AND(AF5,AC5),"") | AI5: =IF(C5<>"",'THỐNG KÊ'!$E$5-'Thông tin HV'!D5<26,"") | AJ5: =IF(C5<>"",AND(AI5,E5="Nữ"),"") | AK5: =IF(C5<>"",AND(AI5,AC5),"") | AL5: =IF(C5<>"",AND('THỐNG KÊ'!$E$5-'Thông tin HV'!D5>=26,'THỐNG KÊ'!$E$5-'Thông tin HV'!D5<=45),"") | AM5: =IF(C5<>"",AND(AL5,E5="Nữ"),"") | AN5: =IF(C5<>"",AND(AL5,AC5),"") | AO5: =IF(C5<>"",'THỐNG KÊ'!$E$5-'Thông tin HV'!D5>45,"") | AP5: =IF(C5<>"",AND(AO5,E5="Nữ"),"") | AQ5: =IF(C5<>"",AND(AO5,AC5),"") | AR5: =IF(C5<>"",AND(Z5="x",E5="Nữ"),"") | AS5: =IF(C5<>"",AND(Z5="x",E5="Nữ",L5="Người dân tộc thiểu số"),"") | AT5: =IF(C5<>"",AND(Z5="x",L5="Người dân tộc thiểu số"),"") | AU5: =IF(C5<>"",AND(Z5="x",'THỐNG KÊ'!$E$5-'Thông tin HV'!D5<31),"") | AV5: =IF(C5<>"",AND(Z5="x",AC5,AD5),"") | AW5: =IF(C5<>"",AND(K5>=9,Z5="x"),"") | AX5: =IF(C5<>"",AND(Z5="x",AI5,E5="Nữ"),"") | AY5: =IF(C5<>"",AND(Z5="x",AF5,AC5),"") | AZ5: =IF(C5<>"",AND(Z5="x",'THỐNG KÊ'!$E$5-'Thông tin HV'!D5<26),"") | BA5: =IF(C5<>"",AND(Z5="x",AI5,E5="Nữ"),"") | BB5: =IF(C5<>"",AND(Z5="x",AI5,AC5),"") | BC5: =IF(C5<>"",AND(Z5="x",'THỐNG KÊ'!$E$5-'Thông tin HV'!D5>=26,'THỐNG KÊ'!$E$5-'Thông tin HV'!D5<=45),"") | BD5: =IF(C5<>"",AND(Z5="x",AL5,E5="Nữ"),"") | BE5: =IF(C5<>"",AND(Z5="x",AL5,AC5),"") | BF5: =IF(C5<>"",AND(Z5="x",'THỐNG KÊ'!$E$5-'Thông tin HV'!D5>45),"") | BG5: =IF(C5<>"",AND(Z5="x",AO5,E5="Nữ"),"") | BH5: =IF(C5<>"",AND(Z5="x",AO5,AC5),"")
A6: 03 | C6: A Bét | D6: 30386 | E6: Nam | G6: Xê Đăng | I6: =IF(AA6="","",IF(AA6<=30,"X","")) | J6: =IF(AND(I6="X",G6<>"Kinh"),"X","") | K6: 10 | L6: Người dân tộc thiểu số | M6: =VLOOKUP(L6,IDs!$H$3:$I$12,2,0) | N6: Thôn ĐăkTrăm, xã Kon Đào, Quảng Ngãi | O6: Thôn ĐăkTrăm, xã Kon Đào, Quảng Ngãi | P6: Thôn ĐăkTrăm, xã Kon Đào, Quảng Ngãi | X6: =IF(D6="","",IF(YEAR(TODAY())-D6<15,"Không đủ tuổi theo học",IF(AND(E6="Nam",YEAR(TODAY())-D6>60),"Quá tuổi theo học",IF(AND(E6="Nữ",YEAR(TODAY())-D6>55),"Quá tuổi theo học","Đảm bảo")))) | Y6: =IF(C6="","",IF(OR(LEFT(C6,1)="Y",LEFT(C6,1)="A"),"",IF(L6<>"Đối tượng lao động nông thôn khác","Cần hồ sơ chứng minh nhóm đối tượng",""))) | AA6: =IF(OR(D6="",'KHÓA HỌC'!$D$8=""),"",DATEDIF(D6,'KHÓA HỌC'!$D$8,"y")) | AB6: =IF(C6<>"",AND(E6="Nữ",L6="Người dân tộc thiểu số"),"") | AC6: =IF(C6<>"",L6="Người dân tộc thiểu số","") | AD6: =IF(C6<>"",'THỐNG KÊ'!$E$5-'Thông tin HV'!D6<31,"") | AE6: =IF(C6<>"",AND(AC6,AD6),"") | AF6: =IF(C6<>"",(K6>=9),"") | AG6: =IF(C6<>"",AND(AF6,E6="Nữ"),"") | AH6: =IF(C6<>"",AND(AF6,AC6),"") | AI6: =IF(C6<>"",'THỐNG KÊ'!$E$5-'Thông tin HV'!D6<26,"") | AJ6: =IF(C6<>"",AND(AI6,E6="Nữ"),"") | AK6: =IF(C6<>"",AND(AI6,AC6),"") | AL6: =IF(C6<>"",AND('THỐNG KÊ'!$E$5-'Thông tin HV'!D6>=26,'THỐNG KÊ'!$E$5-'Thông tin HV'!D6<=45),"") | AM6: =IF(C6<>"",AND(AL6,E6="Nữ"),"") | AN6: =IF(C6<>"",AND(AL6,AC6),"") | AO6: =IF(C6<>"",'THỐNG KÊ'!$E$5-'Thông tin HV'!D6>45,"") | AP6: =IF(C6<>"",AND(AO6,E6="Nữ"),"") | AQ6: =IF(C6<>"",AND(AO6,AC6),"") | AR6: =IF(C6<>"",AND(Z6="x",E6="Nữ"),"") | AS6: =IF(C6<>"",AND(Z6="x",E6="Nữ",L6="Người dân tộc thiểu số"),"") | AT6: =IF(C6<>"",AND(Z6="x",L6="Người dân tộc thiểu số"),"") | AU6: =IF(C6<>"",AND(Z6="x",'THỐNG KÊ'!$E$5-'Thông tin HV'!D6<31),"") | AV6: =IF(C6<>"",AND(Z6="x",AC6,AD6),"") | AW6: =IF(C6<>"",AND(K6>=9,Z6="x"),"") | AX6: =IF(C6<>"",AND(Z6="x",AI6,E6="Nữ"),"") | AY6: =IF(C6<>"",AND(Z6="x",AF6,AC6),"") | AZ6: =IF(C6<>"",AND(Z6="x",'THỐNG KÊ'!$E$5-'Thông tin HV'!D6<26),"") | BA6: =IF(C6<>"",AND(Z6="x",AI6,E6="Nữ"),"") | BB6: =IF(C6<>"",AND(Z6="x",AI6,AC6),"") | BC6: =IF(C6<>"",AND(Z6="x",'THỐNG KÊ'!$E$5-'Thông tin HV'!D6>=26,'THỐNG KÊ'!$E$5-'Thông tin HV'!D6<=45),"") | BD6: =IF(C6<>"",AND(Z6="x",AL6,E6="Nữ"),"") | BE6: =IF(C6<>"",AND(Z6="x",AL6,AC6),"") | BF6: =IF(C6<>"",AND(Z6="x",'THỐNG KÊ'!$E$5-'Thông tin HV'!D6>45),"") | BG6: =IF(C6<>"",AND(Z6="x",AO6,E6="Nữ"),"") | BH6: =IF(C6<>"",AND(Z6="x",AO6,AC6),"")
A7: 04 | C7: A Quyết | D7: 30386 | E7: Nam | G7: Xê Đăng | I7: =IF(AA7="","",IF(AA7<=30,"X","")) | J7: =IF(AND(I7="X",G7<>"Kinh"),"X","") | K7: 9 | L7: Người dân tộc thiểu số | M7: =VLOOKUP(L7,IDs!$H$3:$I$12,2,0) | N7: Thôn ĐăkTrăm, xã Kon Đào, Quảng Ngãi | O7: Thôn ĐăkTrăm, xã Kon Đào, Quảng Ngãi | P7: Thôn ĐăkTrăm, xã Kon Đào, Quảng Ngãi | X7: =IF(D7="","",IF(YEAR(TODAY())-D7<15,"Không đủ tuổi theo học",IF(AND(E7="Nam",YEAR(TODAY())-D7>60),"Quá tuổi theo học",IF(AND(E7="Nữ",YEAR(TODAY())-D7>55),"Quá tuổi theo học","Đảm bảo")))) | Y7: =IF(C7="","",IF(OR(LEFT(C7,1)="Y",LEFT(C7,1)="A"),"",IF(L7<>"Đối tượng lao động nông thôn khác","Cần hồ sơ chứng minh nhóm đối tượng",""))) | AA7: =IF(OR(D7="",'KHÓA HỌC'!$D$8=""),"",DATEDIF(D7,'KHÓA HỌC'!$D$8,"y")) | AB7: =IF(C7<>"",AND(E7="Nữ",L7="Người dân tộc thiểu số"),"") | AC7: =IF(C7<>"",L7="Người dân tộc thiểu số","") | AD7: =IF(C7<>"",'THỐNG KÊ'!$E$5-'Thông tin HV'!D7<31,"") | AE7: =IF(C7<>"",AND(AC7,AD7),"") | AF7: =IF(C7<>"",(K7>=9),"") | AG7: =IF(C7<>"",AND(AF7,E7="Nữ"),"") | AH7: =IF(C7<>"",AND(AF7,AC7),"") | AI7: =IF(C7<>"",'THỐNG KÊ'!$E$5-'Thông tin HV'!D7<26,"") | AJ7: =IF(C7<>"",AND(AI7,E7="Nữ"),"") | AK7: =IF(C7<>"",AND(AI7,AC7),"") | AL7: =IF(C7<>"",AND('THỐNG KÊ'!$E$5-'Thông tin HV'!D7>=26,'THỐNG KÊ'!$E$5-'Thông tin HV'!D7<=45),"") | AM7: =IF(C7<>"",AND(AL7,E7="Nữ"),"") | AN7: =IF(C7<>"",AND(AL7,AC7),"") | AO7: =IF(C7<>"",'THỐNG KÊ'!$E$5-'Thông tin HV'!D7>45,"") | AP7: =IF(C7<>"",AND(AO7,E7="Nữ"),"") | AQ7: =IF(C7<>"",AND(AO7,AC7),"") | AR7: =IF(C7<>"",AND(Z7="x",E7="Nữ"),"") | AS7: =IF(C7<>"",AND(Z7="x",E7="Nữ",L7="Người dân tộc thiểu số"),"") | AT7: =IF(C7<>"",AND(Z7="x",L7="Người dân tộc thiểu số"),"") | AU7: =IF(C7<>"",AND(Z7="x",'THỐNG KÊ'!$E$5-'Thông tin HV'!D7<31),"") | AV7: =IF(C7<>"",AND(Z7="x",AC7,AD7),"") | AW7: =IF(C7<>"",AND(K7>=9,Z7="x"),"") | AX7: =IF(C7<>"",AND(Z7="x",AI7,E7="Nữ"),"") | AY7: =IF(C7<>"",AND(Z7="x",AF7,AC7),"") | AZ7: =IF(C7<>"",AND(Z7="x",'THỐNG KÊ'!$E$5-'Thông tin HV'!D7<26),"") | BA7: =IF(C7<>"",AND(Z7="x",AI7,E7="Nữ"),"") | BB7: =IF(C7<>"",AND(Z7="x",AI7,AC7),"") | BC7: =IF(C7<>"",AND(Z7="x",'THỐNG KÊ'!$E$5-'Thông tin HV'!D7>=26,'THỐNG KÊ'!$E$5-'Thông tin HV'!D7<=45),"") | BD7: =IF(C7<>"",AND(Z7="x",AL7,E7="Nữ"),"") | BE7: =IF(C7<>"",AND(Z7="x",AL7,AC7),"") | BF7: =IF(C7<>"",AND(Z7="x",'THỐNG KÊ'!$E$5-'Thông tin HV'!D7>45),"") | BG7: =IF(C7<>"",AND(Z7="x",AO7,E7="Nữ"),"") | BH7: =IF(C7<>"",AND(Z7="x",AO7,AC7),"")
A8: 05 | C8: A Phan | D8: 30386 | E8: Nam | G8: Xê Đăng | I8: =IF(AA8="","",IF(AA8<=30,"X","")) | J8: =IF(AND(I8="X",G8<>"Kinh"),"X","") | K8: 8 | L8: Người dân tộc thiểu số | M8: =VLOOKUP(L8,IDs!$H$3:$I$12,2,0) | N8: Thôn ĐăkTrăm, xã Kon Đào, Quảng Ngãi | O8: Thôn ĐăkTrăm, xã Kon Đào, Quảng Ngãi | P8: Thôn ĐăkTrăm, xã Kon Đào, Quảng Ngãi | X8: =IF(D8="","",IF(YEAR(TODAY())-D8<15,"Không đủ tuổi theo học",IF(AND(E8="Nam",YEAR(TODAY())-D8>60),"Quá tuổi theo học",IF(AND(E8="Nữ",YEAR(TODAY())-D8>55),"Quá tuổi theo học","Đảm bảo")))) | Y8: =IF(C8="","",IF(OR(LEFT(C8,1)="Y",LEFT(C8,1)="A"),"",IF(L8<>"Đối tượng lao động nông thôn khác","Cần hồ sơ chứng minh nhóm đối tượng",""))) | AA8: =IF(OR(D8="",'KHÓA HỌC'!$D$8=""),"",DATEDIF(D8,'KHÓA HỌC'!$D$8,"y")) | AB8: =IF(C8<>"",AND(E8="Nữ",L8="Người dân tộc thiểu số"),"") | AC8: =IF(C8<>"",L8="Người dân tộc thiểu số","") | AD8: =IF(C8<>"",'THỐNG KÊ'!$E$5-'Thông tin HV'!D8<31,"") | AE8: =IF(C8<>"",AND(AC8,AD8),"") | AF8: =IF(C8<>"",(K8>=9),"") | AG8: =IF(C8<>"",AND(AF8,E8="Nữ"),"") | AH8: =IF(C8<>"",AND(AF8,AC8),"") | AI8: =IF(C8<>"",'THỐNG KÊ'!$E$5-'Thông tin HV'!D8<26,"") | AJ8: =IF(C8<>"",AND(AI8,E8="Nữ"),"") | AK8: =IF(C8<>"",AND(AI8,AC8),"") | AL8: =IF(C8<>"",AND('THỐNG KÊ'!$E$5-'Thông tin HV'!D8>=26,'THỐNG KÊ'!$E$5-'Thông tin HV'!D8<=45),"") | AM8: =IF(C8<>"",AND(AL8,E8="Nữ"),"") | AN8: =IF(C8<>"",AND(AL8,AC8),"") | AO8: =IF(C8<>"",'THỐNG KÊ'!$E$5-'Thông tin HV'!D8>45,"") | AP8: =IF(C8<>"",AND(AO8,E8="Nữ"),"") | AQ8: =IF(C8<>"",AND(AO8,AC8),"") | AR8: =IF(C8<>"",AND(Z8="x",E8="Nữ"),"") | AS8: =IF(C8<>"",AND(Z8="x",E8="Nữ",L8="Người dân tộc thiểu số"),"") | AT8: =IF(C8<>"",AND(Z8="x",L8="Người dân tộc thiểu số"),"") | AU8: =IF(C8<>"",AND(Z8="x",'THỐNG KÊ'!$E$5-'Thông tin HV'!D8<31),"") | AV8: =IF(C8<>"",AND(Z8="x",AC8,AD8),"") | AW8: =IF(C8<>"",AND(K8>=9,Z8="x"),"") | AX8: =IF(C8<>"",AND(Z8="x",AI8,E8="Nữ"),"") | AY8: =IF(C8<>"",AND(Z8="x",AF8,AC8),"") | AZ8: =IF(C8<>"",AND(Z8="x",'THỐNG KÊ'!$E$5-'Thông tin HV'!D8<26),"") | BA8: =IF(C8<>"",AND(Z8="x",AI8,E8="Nữ"),"") | BB8: =IF(C8<>"",AND(Z8="x",AI8,AC8),"") | BC8: =IF(C8<>"",AND(Z8="x",'THỐNG KÊ'!$E$5-'Thông tin HV'!D8>=26,'THỐNG KÊ'!$E$5-'Thông tin HV'!D8<=45),"") | BD8: =IF(C8<>"",AND(Z8="x",AL8,E8="Nữ"),"") | BE8: =IF(C8<>"",AND(Z8="x",AL8,AC8),"") | BF8: =IF(C8<>"",AND(Z8="x",'THỐNG KÊ'!$E$5-'Thông tin HV'!D8>45),"") | BG8: =IF(C8<>"",AND(Z8="x",AO8,E8="Nữ"),"") | BH8: =IF(C8<>"",AND(Z8="x",AO8,AC8),"")
A9: 06 | C9: A Ká | D9: 30386 | E9: Nam | G9: Xê Đăng | I9: =IF(AA9="","",IF(AA9<=30,"X","")) | J9: =IF(AND(I9="X",G9<>"Kinh"),"X","") | K9: 8 | L9: Người dân tộc thiểu số | M9: =VLOOKUP(L9,IDs!$H$3:$I$12,2,0) | N9: Thôn ĐăkTrăm, xã Kon Đào, Quảng Ngãi | O9: Thôn ĐăkTrăm, xã Kon Đào, Quảng Ngãi | P9: Thôn ĐăkTrăm, xã Kon Đào, Quảng Ngãi | X9: =IF(D9="","",IF(YEAR(TODAY())-D9<15,"Không đủ tuổi theo học",IF(AND(E9="Nam",YEAR(TODAY())-D9>60),"Quá tuổi theo học",IF(AND(E9="Nữ",YEAR(TODAY())-D9>55),"Quá tuổi theo học","Đảm bảo")))) | Y9: =IF(C9="","",IF(OR(LEFT(C9,1)="Y",LEFT(C9,1)="A"),"",IF(L9<>"Đối tượng lao động nông thôn khác","Cần hồ sơ chứng minh nhóm đối tượng",""))) | AA9: =IF(OR(D9="",'KHÓA HỌC'!$D$8=""),"",DATEDIF(D9,'KHÓA HỌC'!$D$8,"y")) | AB9: =IF(C9<>"",AND(E9="Nữ",L9="Người dân tộc thiểu số"),"") | AC9: =IF(C9<>"",L9="Người dân tộc thiểu số","") | AD9: =IF(C9<>"",'THỐNG KÊ'!$E$5-'Thông tin HV'!D9<31,"") | AE9: =IF(C9<>"",AND(AC9,AD9),"") | AF9: =IF(C9<>"",(K9>=9),"") | AG9: =IF(C9<>"",AND(AF9,E9="Nữ"),"") | AH9: =IF(C9<>"",AND(AF9,AC9),"") | AI9: =IF(C9<>"",'THỐNG KÊ'!$E$5-'Thông tin HV'!D9<26,"") | AJ9: =IF(C9<>"",AND(AI9,E9="Nữ"),"") | AK9: =IF(C9<>"",AND(AI9,AC9),"") | AL9: =IF(C9<>"",AND('THỐNG KÊ'!$E$5-'Thông tin HV'!D9>=26,'THỐNG KÊ'!$E$5-'Thông tin HV'!D9<=45),"") | AM9: =IF(C9<>"",AND(AL9,E9="Nữ"),"") | AN9: =IF(C9<>"",AND(AL9,AC9),"") | AO9: =IF(C9<>"",'THỐNG KÊ'!$E$5-'Thông tin HV'!D9>45,"") | AP9: =IF(C9<>"",AND(AO9,E9="Nữ"),"") | AQ9: =IF(C9<>"",AND(AO9,AC9),"") | AR9: =IF(C9<>"",AND(Z9="x",E9="Nữ"),"") | AS9: =IF(C9<>"",AND(Z9="x",E9="Nữ",L9="Người dân tộc thiểu số"),"") | AT9: =IF(C9<>"",AND(Z9="x",L9="Người dân tộc thiểu số"),"") | AU9: =IF(C9<>"",AND(Z9="x",'THỐNG KÊ'!$E$5-'Thông tin HV'!D9<31),"") | AV9: =IF(C9<>"",AND(Z9="x",AC9,AD9),"") | AW9: =IF(C9<>"",AND(K9>=9,Z9="x"),"") | AX9: =IF(C9<>"",AND(Z9="x",AI9,E9="Nữ"),"") | AY9: =IF(C9<>"",AND(Z9="x",AF9,AC9),"") | AZ9: =IF(C9<>"",AND(Z9="x",'THỐNG KÊ'!$E$5-'Thông tin HV'!D9<26),"") | BA9: =IF(C9<>"",AND(Z9="x",AI9,E9="Nữ"),"") | BB9: =IF(C9<>"",AND(Z9="x",AI9,AC9),"") | BC9: =IF(C9<>"",AND(Z9="x",'THỐNG KÊ'!$E$5-'Thông tin HV'!D9>=26,'THỐNG KÊ'!$E$5-'Thông tin HV'!D9<=45),"") | BD9: =IF(C9<>"",AND(Z9="x",AL9,E9="Nữ"),"") | BE9: =IF(C9<>"",AND(Z9="x",AL9,AC9),"") | BF9: =IF(C9<>"",AND(Z9="x",'THỐNG KÊ'!$E$5-'Thông tin HV'!D9>45),"") | BG9: =IF(C9<>"",AND(Z9="x",AO9,E9="Nữ"),"") | BH9: =IF(C9<>"",AND(Z9="x",AO9,AC9),"")
A10: 07 | C10: A Thim | D10: 30386 | E10: Nam | G10: Xê Đăng | I10: =IF(AA10="","",IF(AA10<=30,"X","")) | J10: =IF(AND(I10="X",G10<>"Kinh"),"X","") | K10: 9 | L10: Người dân tộc thiểu số | M10: =VLOOKUP(L10,IDs!$H$3:$I$12,2,0) | N10: Thôn ĐăkTrăm, xã Kon Đào, Quảng Ngãi | O10: Thôn ĐăkTrăm, xã Kon Đào, Quảng Ngãi | P10: Thôn ĐăkTrăm, xã Kon Đào, Quảng Ngãi | X10: =IF(D10="","",IF(YEAR(TODAY())-D10<15,"Không đủ tuổi theo học",IF(AND(E10="Nam",YEAR(TODAY())-D10>60),"Quá tuổi theo học",IF(AND(E10="Nữ",YEAR(TODAY())-D10>55),"Quá tuổi theo học","Đảm bảo")))) | Y10: =IF(C10="","",IF(OR(LEFT(C10,1)="Y",LEFT(C10,1)="A"),"",IF(L10<>"Đối tượng lao động nông thôn khác","Cần hồ sơ chứng minh nhóm đối tượng",""))) | AA10: =IF(OR(D10="",'KHÓA HỌC'!$D$8=""),"",DATEDIF(D10,'KHÓA HỌC'!$D$8,"y")) | AB10: =IF(C10<>"",AND(E10="Nữ",L10="Người dân tộc thiểu số"),"") | AC10: =IF(C10<>"",L10="Người dân tộc thiểu số","") | AD10: =IF(C10<>"",'THỐNG KÊ'!$E$5-'Thông tin HV'!D10<31,"") | AE10: =IF(C10<>"",AND(AC10,AD10),"") | AF10: =IF(C10<>"",(K10>=9),"") | AG10: =IF(C10<>"",AND(AF10,E10="Nữ"),"") | AH10: =IF(C10<>"",AND(AF10,AC10),"") | AI10: =IF(C10<>"",'THỐNG KÊ'!$E$5-'Thông tin HV'!D10<26,"") | AJ10: =IF(C10<>"",AND(AI10,E10="Nữ"),"") | AK10: =IF(C10<>"",AND(AI10,AC10),"") | AL10: =IF(C10<>"",AND('THỐNG KÊ'!$E$5-'Thông tin HV'!D10>=26,'THỐNG KÊ'!$E$5-'Thông tin HV'!D10<=45),"") | AM10: =IF(C10<>"",AND(AL10,E10="Nữ"),"") | AN10: =IF(C10<>"",AND(AL10,AC10),"") | AO10: =IF(C10<>"",'THỐNG KÊ'!$E$5-'Thông tin HV'!D10>45,"") | AP10: =IF(C10<>"",AND(AO10,E10="Nữ"),"") | AQ10: =IF(C10<>"",AND(AO10,AC10),"") | AR10: =IF(C10<>"",AND(Z10="x",E10="Nữ"),"") | AS10: =IF(C10<>"",AND(Z10="x",E10="Nữ",L10="Người dân tộc thiểu số"),"") | AT10: =IF(C10<>"",AND(Z10="x",L10="Người dân tộc thiểu số"),"") | AU10: =IF(C10<>"",AND(Z10="x",'THỐNG KÊ'!$E$5-'Thông tin HV'!D10<31),"") | AV10: =IF(C10<>"",AND(Z10="x",AC10,AD10),"") | AW10: =IF(C10<>"",AND(K10>=9,Z10="x"),"") | AX10: =IF(C10<>"",AND(Z10="x",AI10,E10="Nữ"),"") | AY10: =IF(C10<>"",AND(Z10="x",AF10,AC10),"") | AZ10: =IF(C10<>"",AND(Z10="x",'THỐNG KÊ'!$E$5-'Thông tin HV'!D10<26),"") | BA10: =IF(C10<>"",AND(Z10="x",AI10,E10="Nữ"),"") | BB10: =IF(C10<>"",AND(Z10="x",AI10,AC10),"") | BC10: =IF(C10<>"",AND(Z10="x",'THỐNG KÊ'!$E$5-'Thông tin HV'!D10>=26,'THỐNG KÊ'!$E$5-'Thông tin HV'!D10<=45),"") | BD10: =IF(C10<>"",AND(Z10="x",AL10,E10="Nữ"),"") | BE10: =IF(C10<>"",AND(Z10="x",AL10,AC10),"") | BF10: =IF(C10<>"",AND(Z10="x",'THỐNG KÊ'!$E$5-'Thông tin HV'!D10>45),"") | BG10: =IF(C10<>"",AND(Z10="x",AO10,E10="Nữ"),"") | BH10: =IF(C10<>"",AND(Z10="x",AO10,AC10),"")
A11: 08 | C11: A Khinh | D11: 30386 | E11: Nam | G11: Xê Đăng | I11: =IF(AA11="","",IF(AA11<=30,"X","")) | J11: =IF(AND(I11="X",G11<>"Kinh"),"X","") | K11: 5 | L11: Người dân tộc thiểu số | M11: =VLOOKUP(L11,IDs!$H$3:$I$12,2,0) | N11: Thôn ĐăkTrăm, xã Kon Đào, Quảng Ngãi | O11: Thôn ĐăkTrăm, xã Kon Đào, Quảng Ngãi | P11: Thôn ĐăkTrăm, xã Kon Đào, Quảng Ngãi | X11: =IF(D11="","",IF(YEAR(TODAY())-D11<15,"Không đủ tuổi theo học",IF(AND(E11="Nam",YEAR(TODAY())-D11>60),"Quá tuổi theo học",IF(AND(E11="Nữ",YEAR(TODAY())-D11>55),"Quá tuổi theo học","Đảm bảo")))) | Y11: =IF(C11="","",IF(OR(LEFT(C11,1)="Y",LEFT(C11,1)="A"),"",IF(L11<>"Đối tượng lao động nông thôn khác","Cần hồ sơ chứng minh nhóm đối tượng",""))) | AA11: =IF(OR(D11="",'KHÓA HỌC'!$D$8=""),"",DATEDIF(D11,'KHÓA HỌC'!$D$8,"y")) | AB11: =IF(C11<>"",AND(E11="Nữ",L11="Người dân tộc thiểu số"),"") | AC11: =IF(C11<>"",L11="Người dân tộc thiểu số","") | AD11: =IF(C11<>"",'THỐNG KÊ'!$E$5-'Thông tin HV'!D11<31,"") | AE11: =IF(C11<>"",AND(AC11,AD11),"") | AF11: =IF(C11<>"",(K11>=9),"") | AG11: =IF(C11<>"",AND(AF11,E11="Nữ"),"") | AH11: =IF(C11<>"",AND(AF11,AC11),"") | AI11: =IF(C11<>"",'THỐNG KÊ'!$E$5-'Thông tin HV'!D11<26,"") | AJ11: =IF(C11<>"",AND(AI11,E11="Nữ"),"") | AK11: =IF(C11<>"",AND(AI11,AC11),"") | AL11: =IF(C11<>"",AND('THỐNG KÊ'!$E$5-'Thông tin HV'!D11>=26,'THỐNG KÊ'!$E$5-'Thông tin HV'!D11<=45),"") | AM11: =IF(C11<>"",AND(AL11,E11="Nữ"),"") | AN11: =IF(C11<>"",AND(AL11,AC11),"") | AO11: =IF(C11<>"",'THỐNG KÊ'!$E$5-'Thông tin HV'!D11>45,"") | AP11: =IF(C11<>"",AND(AO11,E11="Nữ"),"") | AQ11: =IF(C11<>"",AND(AO11,AC11),"") | AR11: =IF(C11<>"",AND(Z11="x",E11="Nữ"),"") | AS11: =IF(C11<>"",AND(Z11="x",E11="Nữ",L11="Người dân tộc thiểu số"),"") | AT11: =IF(C11<>"",AND(Z11="x",L11="Người dân tộc thiểu số"),"") | AU11: =IF(C11<>"",AND(Z11="x",'THỐNG KÊ'!$E$5-'Thông tin HV'!D11<31),"") | AV11: =IF(C11<>"",AND(Z11="x",AC11,AD11),"") | AW11: =IF(C11<>"",AND(K11>=9,Z11="x"),"") | AX11: =IF(C11<>"",AND(Z11="x",AI11,E11="Nữ"),"") | AY11: =IF(C11<>"",AND(Z11="x",AF11,AC11),"") | AZ11: =IF(C11<>"",AND(Z11="x",'THỐNG KÊ'!$E$5-'Thông tin HV'!D11<26),"") | BA11: =IF(C11<>"",AND(Z11="x",AI11,E11="Nữ"),"") | BB11: =IF(C11<>"",AND(Z11="x",AI11,AC11),"") | BC11: =IF(C11<>"",AND(Z11="x",'THỐNG KÊ'!$E$5-'Thông tin HV'!D11>=26,'THỐNG KÊ'!$E$5-'Thông tin HV'!D11<=45),"") | BD11: =IF(C11<>"",AND(Z11="x",AL11,E11="Nữ"),"") | BE11: =IF(C11<>"",AND(Z11="x",AL11,AC11),"") | BF11: =IF(C11<>"",AND(Z11="x",'THỐNG KÊ'!$E$5-'Thông tin HV'!D11>45),"") | BG11: =IF(C11<>"",AND(Z11="x",AO11,E11="Nữ"),"") | BH11: =IF(C11<>"",AND(Z11="x",AO11,AC11),"")
A12: 09 | C12: A Bar | D12: 30386 | E12: Nam | G12: Xê Đăng | I12: =IF(AA12="","",IF(AA12<=30,"X","")) | J12: =IF(AND(I12="X",G12<>"Kinh"),"X","") | K12: 9 | L12: Người dân tộc thiểu số | M12: =VLOOKUP(L12,IDs!$H$3:$I$12,2,0) | N12: Thôn ĐăkTrăm, xã Kon Đào, Quảng Ngãi | O12: Thôn ĐăkTrăm, xã Kon Đào, Quảng Ngãi | P12: Thôn ĐăkTrăm, xã Kon Đào, Quảng Ngãi | X12: =IF(D12="","",IF(YEAR(TODAY())-D12<15,"Không đủ tuổi theo học",IF(AND(E12="Nam",YEAR(TODAY())-D12>60),"Quá tuổi theo học",IF(AND(E12="Nữ",YEAR(TODAY())-D12>55),"Quá tuổi theo học","Đảm bảo")))) | Y12: =IF(C12="","",IF(OR(LEFT(C12,1)="Y",LEFT(C12,1)="A"),"",IF(L12<>"Đối tượng lao động nông thôn khác","Cần hồ sơ chứng minh nhóm đối tượng",""))) | AA12: =IF(OR(D12="",'KHÓA HỌC'!$D$8=""),"",DATEDIF(D12,'KHÓA HỌC'!$D$8,"y")) | AB12: =IF(C12<>"",AND(E12="Nữ",L12="Người dân tộc thiểu số"),"") | AC12: =IF(C12<>"",L12="Người dân tộc thiểu số","") | AD12: =IF(C12<>"",'THỐNG KÊ'!$E$5-'Thông tin HV'!D12<31,"") | AE12: =IF(C12<>"",AND(AC12,AD12),"") | AF12: =IF(C12<>"",(K12>=9),"") | AG12: =IF(C12<>"",AND(AF12,E12="Nữ"),"") | AH12: =IF(C12<>"",AND(AF12,AC12),"") | AI12: =IF(C12<>"",'THỐNG KÊ'!$E$5-'Thông tin HV'!D12<26,"") | AJ12: =IF(C12<>"",AND(AI12,E12="Nữ"),"") | AK12: =IF(C12<>"",AND(AI12,AC12),"") | AL12: =IF(C12<>"",AND('THỐNG KÊ'!$E$5-'Thông tin HV'!D12>=26,'THỐNG KÊ'!$E$5-'Thông tin HV'!D12<=45),"") | AM12: =IF(C12<>"",AND(AL12,E12="Nữ"),"") | AN12: =IF(C12<>"",AND(AL12,AC12),"") | AO12: =IF(C12<>"",'THỐNG KÊ'!$E$5-'Thông tin HV'!D12>45,"") | AP12: =IF(C12<>"",AND(AO12,E12="Nữ"),"") | AQ12: =IF(C12<>"",AND(AO12,AC12),"") | AR12: =IF(C12<>"",AND(Z12="x",E12="Nữ"),"") | AS12: =IF(C12<>"",AND(Z12="x",E12="Nữ",L12="Người dân tộc thiểu số"),"") | AT12: =IF(C12<>"",AND(Z12="x",L12="Người dân tộc thiểu số"),"") | AU12: =IF(C12<>"",AND(Z12="x",'THỐNG KÊ'!$E$5-'Thông tin HV'!D12<31),"") | AV12: =IF(C12<>"",AND(Z12="x",AC12,AD12),"") | AW12: =IF(C12<>"",AND(K12>=9,Z12="x"),"") | AX12: =IF(C12<>"",AND(Z12="x",AI12,E12="Nữ"),"") | AY12: =IF(C12<>"",AND(Z12="x",AF12,AC12),"") | AZ12: =IF(C12<>"",AND(Z12="x",'THỐNG KÊ'!$E$5-'Thông tin HV'!D12<26),"") | BA12: =IF(C12<>"",AND(Z12="x",AI12,E12="Nữ"),"") | BB12: =IF(C12<>"",AND(Z12="x",AI12,AC12),"") | BC12: =IF(C12<>"",AND(Z12="x",'THỐNG KÊ'!$E$5-'Thông tin HV'!D12>=26,'THỐNG KÊ'!$E$5-'Thông tin HV'!D12<=45),"") | BD12: =IF(C12<>"",AND(Z12="x",AL12,E12="Nữ"),"") | BE12: =IF(C12<>"",AND(Z12="x",AL12,AC12),"") | BF12: =IF(C12<>"",AND(Z12="x",'THỐNG KÊ'!$E$5-'Thông tin HV'!D12>45),"") | BG12: =IF(C12<>"",AND(Z12="x",AO12,E12="Nữ"),"") | BH12: =IF(C12<>"",AND(Z12="x",AO12,AC12),"")
A13: 10 | C13: A Bếch | D13: 30386 | E13: Nam | G13: Xê Đăng | I13: =IF(AA13="","",IF(AA13<=30,"X","")) | J13: =IF(AND(I13="X",G13<>"Kinh"),"X","") | K13: 9 | L13: Người dân tộc thiểu số | M13: =VLOOKUP(L13,IDs!$H$3:$I$12,2,0) | N13: Thôn ĐăkTrăm, xã Kon Đào, Quảng Ngãi | O13: Thôn ĐăkTrăm, xã Kon Đào, Quảng Ngãi | P13: Thôn ĐăkTrăm, xã Kon Đào, Quảng Ngãi | X13: =IF(D13="","",IF(YEAR(TODAY())-D13<15,"Không đủ tuổi theo học",IF(AND(E13="Nam",YEAR(TODAY())-D13>60),"Quá tuổi theo học",IF(AND(E13="Nữ",YEAR(TODAY())-D13>55),"Quá tuổi theo học","Đảm bảo")))) | Y13: =IF(C13="","",IF(OR(LEFT(C13,1)="Y",LEFT(C13,1)="A"),"",IF(L13<>"Đối tượng lao động nông thôn khác","Cần hồ sơ chứng minh nhóm đối tượng",""))) | AA13: =IF(OR(D13="",'KHÓA HỌC'!$D$8=""),"",DATEDIF(D13,'KHÓA HỌC'!$D$8,"y")) | AB13: =IF(C13<>"",AND(E13="Nữ",L13="Người dân tộc thiểu số"),"") | AC13: =IF(C13<>"",L13="Người dân tộc thiểu số","") | AD13: =IF(C13<>"",'THỐNG KÊ'!$E$5-'Thông tin HV'!D13<31,"") | AE13: =IF(C13<>"",AND(AC13,AD13),"") | AF13: =IF(C13<>"",(K13>=9),"") | AG13: =IF(C13<>"",AND(AF13,E13="Nữ"),"") | AH13: =IF(C13<>"",AND(AF13,AC13),"") | AI13: =IF(C13<>"",'THỐNG KÊ'!$E$5-'Thông tin HV'!D13<26,"") | AJ13: =IF(C13<>"",AND(AI13,E13="Nữ"),"") | AK13: =IF(C13<>"",AND(AI13,AC13),"") | AL13: =IF(C13<>"",AND('THỐNG KÊ'!$E$5-'Thông tin HV'!D13>=26,'THỐNG KÊ'!$E$5-'Thông tin HV'!D13<=45),"") | AM13: =IF(C13<>"",AND(AL13,E13="Nữ"),"") | AN13: =IF(C13<>"",AND(AL13,AC13),"") | AO13: =IF(C13<>"",'THỐNG KÊ'!$E$5-'Thông tin HV'!D13>45,"") | AP13: =IF(C13<>"",AND(AO13,E13="Nữ"),"") | AQ13: =IF(C13<>"",AND(AO13,AC13),"") | AR13: =IF(C13<>"",AND(Z13="x",E13="Nữ"),"") | AS13: =IF(C13<>"",AND(Z13="x",E13="Nữ",L13="Người dân tộc thiểu số"),"") | AT13: =IF(C13<>"",AND(Z13="x",L13="Người dân tộc thiểu số"),"") | AU13: =IF(C13<>"",AND(Z13="x",'THỐNG KÊ'!$E$5-'Thông tin HV'!D13<31),"") | AV13: =IF(C13<>"",AND(Z13="x",AC13,AD13),"") | AW13: =IF(C13<>"",AND(K13>=9,Z13="x"),"") | AX13: =IF(C13<>"",AND(Z13="x",AI13,E13="Nữ"),"") | AY13: =IF(C13<>"",AND(Z13="x",AF13,AC13),"") | AZ13: =IF(C13<>"",AND(Z13="x",'THỐNG KÊ'!$E$5-'Thông tin HV'!D13<26),"") | BA13: =IF(C13<>"",AND(Z13="x",AI13,E13="Nữ"),"") | BB13: =IF(C13<>"",AND(Z13="x",AI13,AC13),"") | BC13: =IF(C13<>"",AND(Z13="x",'THỐNG KÊ'!$E$5-'Thông tin HV'!D13>=26,'THỐNG KÊ'!$E$5-'Thông tin HV'!D13<=45),"") | BD13: =IF(C13<>"",AND(Z13="x",AL13,E13="Nữ"),"") | BE13: =IF(C13<>"",AND(Z13="x",AL13,AC13),"") | BF13: =IF(C13<>"",AND(Z13="x",'THỐNG KÊ'!$E$5-'Thông tin HV'!D13>45),"") | BG13: =IF(C13<>"",AND(Z13="x",AO13,E13="Nữ"),"") | BH13: =IF(C13<>"",AND(Z13="x",AO13,AC13),"")
A14: 11 | C14: A Đông | D14: 30386 | E14: Nam | G14: Xê Đăng | I14: =IF(AA14="","",IF(AA14<=30,"X","")) | J14: =IF(AND(I14="X",G14<>"Kinh"),"X","") | K14: 8 | L14: Người dân tộc thiểu số | M14: =VLOOKUP(L14,IDs!$H$3:$I$12,2,0) | N14: Thôn ĐăkTrăm, xã Kon Đào, Quảng Ngãi | O14: Thôn ĐăkTrăm, xã Kon Đào, Quảng Ngãi | P14: Thôn ĐăkTrăm, xã Kon Đào, Quảng Ngãi | X14: =IF(D14="","",IF(YEAR(TODAY())-D14<15,"Không đủ tuổi theo học",IF(AND(E14="Nam",YEAR(TODAY())-D14>60),"Quá tuổi theo học",IF(AND(E14="Nữ",YEAR(TODAY())-D14>55),"Quá tuổi theo học","Đảm bảo")))) | Y14: =IF(C14="","",IF(OR(LEFT(C14,1)="Y",LEFT(C14,1)="A"),"",IF(L14<>"Đối tượng lao động nông thôn khác","Cần hồ sơ chứng minh nhóm đối tượng",""))) | AA14: =IF(OR(D14="",'KHÓA HỌC'!$D$8=""),"",DATEDIF(D14,'KHÓA HỌC'!$D$8,"y")) | AB14: =IF(C14<>"",AND(E14="Nữ",L14="Người dân tộc thiểu số"),"") | AC14: =IF(C14<>"",L14="Người dân tộc thiểu số","") | AD14: =IF(C14<>"",'THỐNG KÊ'!$E$5-'Thông tin HV'!D14<31,"") | AE14: =IF(C14<>"",AND(AC14,AD14),"") | AF14: =IF(C14<>"",(K14>=9),"") | AG14: =IF(C14<>"",AND(AF14,E14="Nữ"),"") | AH14: =IF(C14<>"",AND(AF14,AC14),"") | AI14: =IF(C14<>"",'THỐNG KÊ'!$E$5-'Thông tin HV'!D14<26,"") | AJ14: =IF(C14<>"",AND(AI14,E14="Nữ"),"") | AK14: =IF(C14<>"",AND(AI14,AC14),"") | AL14: =IF(C14<>"",AND('THỐNG KÊ'!$E$5-'Thông tin HV'!D14>=26,'THỐNG KÊ'!$E$5-'Thông tin HV'!D14<=45),"") | AM14: =IF(C14<>"",AND(AL14,E14="Nữ"),"") | AN14: =IF(C14<>"",AND(AL14,AC14),"") | AO14: =IF(C14<>"",'THỐNG KÊ'!$E$5-'Thông tin HV'!D14>45,"") | AP14: =IF(C14<>"",AND(AO14,E14="Nữ"),"") | AQ14: =IF(C14<>"",AND(AO14,AC14),"") | AR14: =IF(C14<>"",AND(Z14="x",E14="Nữ"),"") | AS14: =IF(C14<>"",AND(Z14="x",E14="Nữ",L14="Người dân tộc thiểu số"),"") | AT14: =IF(C14<>"",AND(Z14="x",L14="Người dân tộc thiểu số"),"") | AU14: =IF(C14<>"",AND(Z14="x",'THỐNG KÊ'!$E$5-'Thông tin HV'!D14<31),"") | AV14: =IF(C14<>"",AND(Z14="x",AC14,AD14),"") | AW14: =IF(C14<>"",AND(K14>=9,Z14="x"),"") | AX14: =IF(C14<>"",AND(Z14="x",AI14,E14="Nữ"),"") | AY14: =IF(C14<>"",AND(Z14="x",AF14,AC14),"") | AZ14: =IF(C14<>"",AND(Z14="x",'THỐNG KÊ'!$E$5-'Thông tin HV'!D14<26),"") | BA14: =IF(C14<>"",AND(Z14="x",AI14,E14="Nữ"),"") | BB14: =IF(C14<>"",AND(Z14="x",AI14,AC14),"") | BC14: =IF(C14<>"",AND(Z14="x",'THỐNG KÊ'!$E$5-'Thông tin HV'!D14>=26,'THỐNG KÊ'!$E$5-'Thông tin HV'!D14<=45),"") | BD14: =IF(C14<>"",AND(Z14="x",AL14,E14="Nữ"),"") | BE14: =IF(C14<>"",AND(Z14="x",AL14,AC14),"") | BF14: =IF(C14<>"",AND(Z14="x",'THỐNG KÊ'!$E$5-'Thông tin HV'!D14>45),"") | BG14: =IF(C14<>"",AND(Z14="x",AO14,E14="Nữ"),"") | BH14: =IF(C14<>"",AND(Z14="x",AO14,AC14),"")
A15: 12 | C15: A Lung | D15: 30386 | E15: Nam | G15: Xê Đăng | I15: =IF(AA15="","",IF(AA15<=30,"X","")) | J15: =IF(AND(I15="X",G15<>"Kinh"),"X","") | K15: 9 | L15: Người dân tộc thiểu số | M15: =VLOOKUP(L15,IDs!$H$3:$I$12,2,0) | N15: Thôn ĐăkTrăm, xã Kon Đào, Quảng Ngãi | O15: Thôn ĐăkTrăm, xã Kon Đào, Quảng Ngãi | P15: Thôn ĐăkTrăm, xã Kon Đào, Quảng Ngãi | X15: =IF(D15="","",IF(YEAR(TODAY())-D15<15,"Không đủ tuổi theo học",IF(AND(E15="Nam",YEAR(TODAY())-D15>60),"Quá tuổi theo học",IF(AND(E15="Nữ",YEAR(TODAY())-D15>55),"Quá tuổi theo học","Đảm bảo")))) | Y15: =IF(C15="","",IF(OR(LEFT(C15,1)="Y",LEFT(C15,1)="A"),"",IF(L15<>"Đối tượng lao động nông thôn khác","Cần hồ sơ chứng minh nhóm đối tượng",""))) | AA15: =IF(OR(D15="",'KHÓA HỌC'!$D$8=""),"",DATEDIF(D15,'KHÓA HỌC'!$D$8,"y")) | AB15: =IF(C15<>"",AND(E15="Nữ",L15="Người dân tộc thiểu số"),"") | AC15: =IF(C15<>"",L15="Người dân tộc thiểu số","") | AD15: =IF(C15<>"",'THỐNG KÊ'!$E$5-'Thông tin HV'!D15<31,"") | AE15: =IF(C15<>"",AND(AC15,AD15),"") | AF15: =IF(C15<>"",(K15>=9),"") | AG15: =IF(C15<>"",AND(AF15,E15="Nữ"),"") | AH15: =IF(C15<>"",AND(AF15,AC15),"") | AI15: =IF(C15<>"",'THỐNG KÊ'!$E$5-'Thông tin HV'!D15<26,"") | AJ15: =IF(C15<>"",AND(AI15,E15="Nữ"),"") | AK15: =IF(C15<>"",AND(AI15,AC15),"") | AL15: =IF(C15<>"",AND('THỐNG KÊ'!$E$5-'Thông tin HV'!D15>=26,'THỐNG KÊ'!$E$5-'Thông tin HV'!D15<=45),"") | AM15: =IF(C15<>"",AND(AL15,E15="Nữ"),"") | AN15: =IF(C15<>"",AND(AL15,AC15),"") | AO15: =IF(C15<>"",'THỐNG KÊ'!$E$5-'Thông tin HV'!D15>45,"") | AP15: =IF(C15<>"",AND(AO15,E15="Nữ"),"") | AQ15: =IF(C15<>"",AND(AO15,AC15),"") | AR15: =IF(C15<>"",AND(Z15="x",E15="Nữ"),"") | AS15: =IF(C15<>"",AND(Z15="x",E15="Nữ",L15="Người dân tộc thiểu số"),"") | AT15: =IF(C15<>"",AND(Z15="x",L15="Người dân tộc thiểu số"),"") | AU15: =IF(C15<>"",AND(Z15="x",'THỐNG KÊ'!$E$5-'Thông tin HV'!D15<31),"") | AV15: =IF(C15<>"",AND(Z15="x",AC15,AD15),"") | AW15: =IF(C15<>"",AND(K15>=9,Z15="x"),"") | AX15: =IF(C15<>"",AND(Z15="x",AI15,E15="Nữ"),"") | AY15: =IF(C15<>"",AND(Z15="x",AF15,AC15),"") | AZ15: =IF(C15<>"",AND(Z15="x",'THỐNG KÊ'!$E$5-'Thông tin HV'!D15<26),"") | BA15: =IF(C15<>"",AND(Z15="x",AI15,E15="Nữ"),"") | BB15: =IF(C15<>"",AND(Z15="x",AI15,AC15),"") | BC15: =IF(C15<>"",AND(Z15="x",'THỐNG KÊ'!$E$5-'Thông tin HV'!D15>=26,'THỐNG KÊ'!$E$5-'Thông tin HV'!D15<=45),"") | BD15: =IF(C15<>"",AND(Z15="x",AL15,E15="Nữ"),"") | BE15: =IF(C15<>"",AND(Z15="x",AL15,AC15),"") | BF15: =IF(C15<>"",AND(Z15="x",'THỐNG KÊ'!$E$5-'Thông tin HV'!D15>45),"") | BG15: =IF(C15<>"",AND(Z15="x",AO15,E15="Nữ"),"") | BH15: =IF(C15<>"",AND(Z15="x",AO15,AC15),"")
... A33: 30 | C33: Y Khiêm | D33: 30386 | E33: Nữ | G33: Xê Đăng | I33: =IF(AA33="","",IF(AA33<=30,"X","")) | J33: =IF(AND(I33="X",G33<>"Kinh"),"X","") | K33: 5 | L33: Người dân tộc thiểu số | M33: =VLOOKUP(L33,IDs!$H$3:$I$12,2,0) | N33: Thôn ĐăkTrăm, xã Kon Đào, Quảng Ngãi | O33: Thôn ĐăkTrăm, xã Kon Đào, Quảng Ngãi | P33: Thôn ĐăkTrăm, xã Kon Đào, Quảng Ngãi | X33: =IF(D33="","",IF(YEAR(TODAY())-D33<15,"Không đủ tuổi theo học",IF(AND(E33="Nam",YEAR(TODAY())-D33>60),"Quá tuổi theo học",IF(AND(E33="Nữ",YEAR(TODAY())-D33>55),"Quá tuổi theo học","Đảm bảo")))) | Y33: =IF(C33="","",IF(OR(LEFT(C33,1)="Y",LEFT(C33,1)="A"),"",IF(L33<>"Đối tượng lao động nông thôn khác","Cần hồ sơ chứng minh nhóm đối tượng",""))) | AA33: =IF(OR(D33="",'KHÓA HỌC'!$D$8=""),"",DATEDIF(D33,'KHÓA HỌC'!$D$8,"y")) | AB33: =IF(C33<>"",AND(E33="Nữ",L33="Người dân tộc thiểu số"),"") | AC33: =IF(C33<>"",L33="Người dân tộc thiểu số","") | AD33: =IF(C33<>"",'THỐNG KÊ'!$E$5-'Thông tin HV'!D33<31,"") | AE33: =IF(C33<>"",AND(AC33,AD33),"") | AF33: =IF(C33<>"",(K33>=9),"") | AG33: =IF(C33<>"",AND(AF33,E33="Nữ"),"") | AH33: =IF(C33<>"",AND(AF33,AC33),"") | AI33: =IF(C33<>"",'THỐNG KÊ'!$E$5-'Thông tin HV'!D33<26,"") | AJ33: =IF(C33<>"",AND(AI33,E33="Nữ"),"") | AK33: =IF(C33<>"",AND(AI33,AC33),"") | AL33: =IF(C33<>"",AND('THỐNG KÊ'!$E$5-'Thông tin HV'!D33>=26,'THỐNG KÊ'!$E$5-'Thông tin HV'!D33<=45),"") | AM33: =IF(C33<>"",AND(AL33,E33="Nữ"),"") | AN33: =IF(C33<>"",AND(AL33,AC33),"") | AO33: =IF(C33<>"",'THỐNG KÊ'!$E$5-'Thông tin HV'!D33>45,"") | AP33: =IF(C33<>"",AND(AO33,E33="Nữ"),"") | AQ33: =IF(C33<>"",AND(AO33,AC33),"") | AR33: =IF(C33<>"",AND(Z33="x",E33="Nữ"),"") | AS33: =IF(C33<>"",AND(Z33="x",E33="Nữ",L33="Người dân tộc thiểu số"),"") | AT33: =IF(C33<>"",AND(Z33="x",L33="Người dân tộc thiểu số"),"") | AU33: =IF(C33<>"",AND(Z33="x",'THỐNG KÊ'!$E$5-'Thông tin HV'!D33<31),"") | AV33: =IF(C33<>"",AND(Z33="x",AC33,AD33),"") | AW33: =IF(C33<>"",AND(K33>=9,Z33="x"),"") | AX33: =IF(C33<>"",AND(Z33="x",AI33,E33="Nữ"),"") | AY33: =IF(C33<>"",AND(Z33="x",AF33,AC33),"") | AZ33: =IF(C33<>"",AND(Z33="x",'THỐNG KÊ'!$E$5-'Thông tin HV'!D33<26),"") | BA33: =IF(C33<>"",AND(Z33="x",AI33,E33="Nữ"),"") | BB33: =IF(C33<>"",AND(Z33="x",AI33,AC33),"") | BC33: =IF(C33<>"",AND(Z33="x",'THỐNG KÊ'!$E$5-'Thông tin HV'!D33>=26,'THỐNG KÊ'!$E$5-'Thông tin HV'!D33<=45),"") | BD33: =IF(C33<>"",AND(Z33="x",AL33,E33="Nữ"),"") | BE33: =IF(C33<>"",AND(Z33="x",AL33,AC33),"") | BF33: =IF(C33<>"",AND(Z33="x",'THỐNG KÊ'!$E$5-'Thông tin HV'!D33>45),"") | BG33: =IF(C33<>"",AND(Z33="x",AO33,E33="Nữ"),"") | BH33: =IF(C33<>"",AND(Z33="x",AO33,AC33),"")
A34: 31 | C34: Y Khuy | D34: 30386 | E34: Nữ | G34: Xê Đăng | I34: =IF(AA34="","",IF(AA34<=30,"X","")) | J34: =IF(AND(I34="X",G34<>"Kinh"),"X","") | K34: 9 | L34: Người dân tộc thiểu số | M34: =VLOOKUP(L34,IDs!$H$3:$I$12,2,0) | N34: Thôn ĐăkTrăm, xã Kon Đào, Quảng Ngãi | O34: Thôn ĐăkTrăm, xã Kon Đào, Quảng Ngãi | P34: Thôn ĐăkTrăm, xã Kon Đào, Quảng Ngãi | X34: =IF(D34="","",IF(YEAR(TODAY())-D34<15,"Không đủ tuổi theo học",IF(AND(E34="Nam",YEAR(TODAY())-D34>60),"Quá tuổi theo học",IF(AND(E34="Nữ",YEAR(TODAY())-D34>55),"Quá tuổi theo học","Đảm bảo")))) | AA34: =IF(OR(D34="",'KHÓA HỌC'!$D$8=""),"",DATEDIF(D34,'KHÓA HỌC'!$D$8,"y")) | AF34: =IF(C34<>"",(K34>=9),"") | AG34: =IF(C34<>"",AND(AF34,E34="Nữ"),"")
A35: 32 | C35: Y Lúi | D35: 30386 | E35: Nữ | G35: Xê Đăng | I35: =IF(AA35="","",IF(AA35<=30,"X","")) | J35: =IF(AND(I35="X",G35<>"Kinh"),"X","") | K35: 4 | L35: Người dân tộc thiểu số | M35: =VLOOKUP(L35,IDs!$H$3:$I$12,2,0) | N35: Thôn ĐăkTrăm, xã Kon Đào, Quảng Ngãi | O35: Thôn ĐăkTrăm, xã Kon Đào, Quảng Ngãi | P35: Thôn ĐăkTrăm, xã Kon Đào, Quảng Ngãi | X35: =IF(D35="","",IF(YEAR(TODAY())-D35<15,"Không đủ tuổi theo học",IF(AND(E35="Nam",YEAR(TODAY())-D35>60),"Quá tuổi theo học",IF(AND(E35="Nữ",YEAR(TODAY())-D35>55),"Quá tuổi theo học","Đảm bảo")))) | AA35: =IF(OR(D35="",'KHÓA HỌC'!$D$8=""),"",DATEDIF(D35,'KHÓA HỌC'!$D$8,"y")) | AF35: =IF(C35<>"",(K35>=9),"") | AG35: =IF(C35<>"",AND(AF35,E35="Nữ"),"")
A36: 33 | C36: Y Loan | D36: 30386 | E36: Nữ | G36: Xê Đăng | I36: =IF(AA36="","",IF(AA36<=30,"X","")) | J36: =IF(AND(I36="X",G36<>"Kinh"),"X","") | K36: 9 | L36: Người dân tộc thiểu số | M36: =VLOOKUP(L36,IDs!$H$3:$I$12,2,0) | N36: Thôn ĐăkTrăm, xã Kon Đào, Quảng Ngãi | O36: Thôn ĐăkTrăm, xã Kon Đào, Quảng Ngãi | P36: Thôn ĐăkTrăm, xã Kon Đào, Quảng Ngãi | X36: =IF(D36="","",IF(YEAR(TODAY())-D36<15,"Không đủ tuổi theo học",IF(AND(E36="Nam",YEAR(TODAY())-D36>60),"Quá tuổi theo học",IF(AND(E36="Nữ",YEAR(TODAY())-D36>55),"Quá tuổi theo học","Đảm bảo")))) | AA36: =IF(OR(D36="",'KHÓA HỌC'!$D$8=""),"",DATEDIF(D36,'KHÓA HỌC'!$D$8,"y")) | AF36: =IF(C36<>"",(K36>=9),"") | AG36: =IF(C36<>"",AND(AF36,E36="Nữ"),"")
AA37: =IF(OR(D37="",'KHÓA HỌC'!$D$8=""),"",DATEDIF(D37,'KHÓA HỌC'!$D$8,"y"))
AA38: =IF(OR(D38="",'KHÓA HỌC'!$D$8=""),"",DATEDIF(D38,'KHÓA HỌC'!$D$8,"y"))
AA39: =IF(OR(D39="",'KHÓA HỌC'!$D$8=""),"",DATEDIF(D39,'KHÓA HỌC'!$D$8,"y")) | AB39: =COUNTIF(AB4:AB38,"TRUE") | AC39: =COUNTIF(AC4:AC38,"TRUE") | AD39: =COUNTIF(AD4:AD38,"TRUE") | AE39: =COUNTIF(AE4:AE38,"TRUE") | AF39: =COUNTIF(AF4:AF38,"TRUE") | AG39: =COUNTIF(AG4:AG38,"TRUE") | AH39: =COUNTIF(AH4:AH38,"TRUE") | AI39: =COUNTIF(AI4:AI38,"TRUE") | ... BH39: =COUNTIF(BH4:BH38,"TRUE")

Sheet DSTN-Xã
B1: UBND XÃ………………. | K1: CỘNG HÒA XÃ HỘI CHỦ NGHĨA VIỆT NAM
B2: PHÒNG……………………….. | K2: Độc lập - Tự do - Hạnh phúc
A5: DANH SÁCH TRÍCH NGANG HỌC VIÊN
A6: ="Tham gia lớp Đào tạo Nghề: "&UPPER('KHÓA HỌC'!D5)&"; Khóa: "&'KHÓA HỌC'!D3&"; Năm "&'KHÓA HỌC'!D4
A7: ="Địa điểm mở lớp: "&'KHÓA HỌC'!D16&", "&'KHÓA HỌC'!D17&", "&'KHÓA HỌC'!D18
A9: Số TT | B9: Họ và tên | D9: Ngày, tháng, năm sinh | E9: Giới tính | F9: Dân tộc | G9: Thanh niên | H9: Thanh niên DTTS | I9: Trình độ văn hóa | J9: Nhóm đối tượng | K9: Nguyên quán | L9: Nơi cư trú | M9: Ghi chú
A10: 1 | B10: =PROPER(TRIM(LEFT(TRIM('Thông tin HV'!C4),LEN(TRIM('Thông tin HV'!C4))-LEN(C10)))) | C10: =PROPER(TRIM(RIGHT(SUBSTITUTE(TRIM('Thông tin HV'!C4)," ",REPT(" ",100)),100))) | D10: ='Thông tin HV'!D4 | E10: ='Thông tin HV'!E4 | F10: ='Thông tin HV'!G4 | G10: ='Thông tin HV'!I4 | H10: ='Thông tin HV'!J4 | I10: ='Thông tin HV'!K4&"/12" | J10: 3 | K10: ='Thông tin HV'!O4 | L10: ='Thông tin HV'!P4
A11: 2 | B11: =PROPER(TRIM(LEFT(TRIM('Thông tin HV'!C5),LEN(TRIM('Thông tin HV'!C5))-LEN(C11)))) | C11: =PROPER(TRIM(RIGHT(SUBSTITUTE(TRIM('Thông tin HV'!C5)," ",REPT(" ",100)),100))) | D11: ='Thông tin HV'!D5 | E11: Nam | F11: Xê Đăng | I11: ='Thông tin HV'!K5&"/12" | J11: 3 | K11: ='Thông tin HV'!O5 | L11: ='Thông tin HV'!P5
A12: 3 | B12: =PROPER(TRIM(LEFT(TRIM('Thông tin HV'!C6),LEN(TRIM('Thông tin HV'!C6))-LEN(C12)))) | C12: =PROPER(TRIM(RIGHT(SUBSTITUTE(TRIM('Thông tin HV'!C6)," ",REPT(" ",100)),100))) | D12: ='Thông tin HV'!D6 | E12: Nam | F12: Xê Đăng | G12: x | H12: x | I12: ='Thông tin HV'!K6&"/12" | J12: 3 | K12: ='Thông tin HV'!O6 | L12: ='Thông tin HV'!P6
A13: 4 | B13: =PROPER(TRIM(LEFT(TRIM('Thông tin HV'!C7),LEN(TRIM('Thông tin HV'!C7))-LEN(C13)))) | C13: =PROPER(TRIM(RIGHT(SUBSTITUTE(TRIM('Thông tin HV'!C7)," ",REPT(" ",100)),100))) | D13: ='Thông tin HV'!D7 | E13: Nam | F13: Xê Đăng | I13: ='Thông tin HV'!K7&"/12" | J13: 3 | K13: ='Thông tin HV'!O7 | L13: ='Thông tin HV'!P7
A14: 5 | B14: =PROPER(TRIM(LEFT(TRIM('Thông tin HV'!C8),LEN(TRIM('Thông tin HV'!C8))-LEN(C14)))) | C14: =PROPER(TRIM(RIGHT(SUBSTITUTE(TRIM('Thông tin HV'!C8)," ",REPT(" ",100)),100))) | D14: ='Thông tin HV'!D8 | E14: Nam | F14: Xê Đăng | G14: x | H14: x | I14: ='Thông tin HV'!K8&"/12" | J14: 3 | K14: ='Thông tin HV'!O8 | L14: ='Thông tin HV'!P8
A15: 6 | B15: =PROPER(TRIM(LEFT(TRIM('Thông tin HV'!C9),LEN(TRIM('Thông tin HV'!C9))-LEN(C15)))) | C15: =PROPER(TRIM(RIGHT(SUBSTITUTE(TRIM('Thông tin HV'!C9)," ",REPT(" ",100)),100))) | D15: ='Thông tin HV'!D9 | E15: Nam | F15: Xê Đăng | I15: ='Thông tin HV'!K9&"/12" | J15: 3 | K15: ='Thông tin HV'!O9 | L15: ='Thông tin HV'!P9
A16: 7 | B16: =PROPER(TRIM(LEFT(TRIM('Thông tin HV'!C10),LEN(TRIM('Thông tin HV'!C10))-LEN(C16)))) | C16: =PROPER(TRIM(RIGHT(SUBSTITUTE(TRIM('Thông tin HV'!C10)," ",REPT(" ",100)),100))) | D16: ='Thông tin HV'!D10 | E16: Nam | F16: Xê Đăng | G16: x | H16: x | I16: ='Thông tin HV'!K10&"/12" | J16: 3 | K16: ='Thông tin HV'!O10 | L16: ='Thông tin HV'!P10
A17: 8 | B17: =PROPER(TRIM(LEFT(TRIM('Thông tin HV'!C11),LEN(TRIM('Thông tin HV'!C11))-LEN(C17)))) | C17: =PROPER(TRIM(RIGHT(SUBSTITUTE(TRIM('Thông tin HV'!C11)," ",REPT(" ",100)),100))) | D17: ='Thông tin HV'!D11 | E17: Nam | F17: Xê Đăng | I17: ='Thông tin HV'!K11&"/12" | J17: 3 | K17: ='Thông tin HV'!O11 | L17: ='Thông tin HV'!P11
A18: 9 | B18: =PROPER(TRIM(LEFT(TRIM('Thông tin HV'!C12),LEN(TRIM('Thông tin HV'!C12))-LEN(C18)))) | C18: =PROPER(TRIM(RIGHT(SUBSTITUTE(TRIM('Thông tin HV'!C12)," ",REPT(" ",100)),100))) | D18: ='Thông tin HV'!D12 | E18: Nam | F18: Xê Đăng | G18: x | H18: x | I18: ='Thông tin HV'!K12&"/12" | J18: 3 | K18: ='Thông tin HV'!O12 | L18: ='Thông tin HV'!P12
A19: 10 | B19: =PROPER(TRIM(LEFT(TRIM('Thông tin HV'!C13),LEN(TRIM('Thông tin HV'!C13))-LEN(C19)))) | C19: =PROPER(TRIM(RIGHT(SUBSTITUTE(TRIM('Thông tin HV'!C13)," ",REPT(" ",100)),100))) | D19: ='Thông tin HV'!D13 | E19: Nam | F19: Xê Đăng | G19: x | H19: x | I19: ='Thông tin HV'!K13&"/12" | J19: 3 | K19: ='Thông tin HV'!O13 | L19: ='Thông tin HV'!P13
A20: 11 | B20: =PROPER(TRIM(LEFT(TRIM('Thông tin HV'!C14),LEN(TRIM('Thông tin HV'!C14))-LEN(C20)))) | C20: =PROPER(TRIM(RIGHT(SUBSTITUTE(TRIM('Thông tin HV'!C14)," ",REPT(" ",100)),100))) | D20: ='Thông tin HV'!D14 | E20: Nam | F20: Xê Đăng | G20: x | H20: x | I20: ='Thông tin HV'!K14&"/12" | J20: 3 | K20: ='Thông tin HV'!O14 | L20: ='Thông tin HV'!P14
A21: 12 | B21: =PROPER(TRIM(LEFT(TRIM('Thông tin HV'!C15),LEN(TRIM('Thông tin HV'!C15))-LEN(C21)))) | C21: =PROPER(TRIM(RIGHT(SUBSTITUTE(TRIM('Thông tin HV'!C15)," ",REPT(" ",100)),100))) | D21: ='Thông tin HV'!D15 | E21: Nam | F21: Xê Đăng | I21: ='Thông tin HV'!K15&"/12" | J21: 3 | K21: ='Thông tin HV'!O15 | L21: ='Thông tin HV'!P15
A22: 13 | B22: =PROPER(TRIM(LEFT(TRIM('Thông tin HV'!C16),LEN(TRIM('Thông tin HV'!C16))-LEN(C22)))) | C22: =PROPER(TRIM(RIGHT(SUBSTITUTE(TRIM('Thông tin HV'!C16)," ",REPT(" ",100)),100))) | D22: ='Thông tin HV'!D16 | E22: Nam | F22: Xê Đăng | G22: x | H22: x | I22: ='Thông tin HV'!K16&"/12" | J22: 3 | K22: ='Thông tin HV'!O16 | L22: ='Thông tin HV'!P16
A23: 14 | B23: =PROPER(TRIM(LEFT(TRIM('Thông tin HV'!C17),LEN(TRIM('Thông tin HV'!C17))-LEN(C23)))) | C23: =PROPER(TRIM(RIGHT(SUBSTITUTE(TRIM('Thông tin HV'!C17)," ",REPT(" ",100)),100))) | D23: ='Thông tin HV'!D17 | E23: Nam | F23: Xê Đăng | G23: x | H23: x | I23: ='Thông tin HV'!K17&"/12" | J23: 3 | K23: ='Thông tin HV'!O17 | L23: ='Thông tin HV'!P17
A24: 15 | B24: =PROPER(TRIM(LEFT(TRIM('Thông tin HV'!C18),LEN(TRIM('Thông tin HV'!C18))-LEN(C24)))) | C24: =PROPER(TRIM(RIGHT(SUBSTITUTE(TRIM('Thông tin HV'!C18)," ",REPT(" ",100)),100))) | D24: ='Thông tin HV'!D18 | E24: Nam | F24: Xê Đăng | I24: ='Thông tin HV'!K18&"/12" | J24: 3 | K24: ='Thông tin HV'!O18 | L24: ='Thông tin HV'!P18
A25: 16 | B25: =PROPER(TRIM(LEFT(TRIM('Thông tin HV'!C19),LEN(TRIM('Thông tin HV'!C19))-LEN(C25)))) | C25: =PROPER(TRIM(RIGHT(SUBSTITUTE(TRIM('Thông tin HV'!C19)," ",REPT(" ",100)),100))) | D25: ='Thông tin HV'!D19 | E25: Nam | F25: Xê Đăng | I25: ='Thông tin HV'!K19&"/12" | J25: 3 | K25: ='Thông tin HV'!O19 | L25: ='Thông tin HV'!P19
A26: 17 | B26: =PROPER(TRIM(LEFT(TRIM('Thông tin HV'!C20),LEN(TRIM('Thông tin HV'!C20))-LEN(C26)))) | C26: =PROPER(TRIM(RIGHT(SUBSTITUTE(TRIM('Thông tin HV'!C20)," ",REPT(" ",100)),100))) | D26: ='Thông tin HV'!D20 | E26: Nam | F26: Xê Đăng | I26: ='Thông tin HV'!K20&"/12" | K26: ='Thông tin HV'!O20 | L26: ='Thông tin HV'!P20
A27: 18 | B27: =PROPER(TRIM(LEFT(TRIM('Thông tin HV'!C21),LEN(TRIM('Thông tin HV'!C21))-LEN(C27)))) | C27: =PROPER(TRIM(RIGHT(SUBSTITUTE(TRIM('Thông tin HV'!C21)," ",REPT(" ",100)),100))) | D27: ='Thông tin HV'!D21 | E27: Nam | F27: Xê Đăng | G27: x | H27: x | I27: ='Thông tin HV'!K21&"/12" | J27: 3 | K27: ='Thông tin HV'!O21 | L27: ='Thông tin HV'!P21
A28: 19 | B28: =PROPER(TRIM(LEFT(TRIM('Thông tin HV'!C22),LEN(TRIM('Thông tin HV'!C22))-LEN(C28)))) | C28: =PROPER(TRIM(RIGHT(SUBSTITUTE(TRIM('Thông tin HV'!C22)," ",REPT(" ",100)),100))) | D28: ='Thông tin HV'!D22 | E28: Nam | F28: Xê Đăng | G28: x | H28: x | I28: ='Thông tin HV'!K22&"/12" | J28: 3 | K28: ='Thông tin HV'!O22 | L28: ='Thông tin HV'!P22
A29: 20 | B29: =PROPER(TRIM(LEFT(TRIM('Thông tin HV'!C23),LEN(TRIM('Thông tin HV'!C23))-LEN(C29)))) | C29: =PROPER(TRIM(RIGHT(SUBSTITUTE(TRIM('Thông tin HV'!C23)," ",REPT(" ",100)),100))) | D29: ='Thông tin HV'!D23 | E29: Nam | F29: Xê Đăng | I29: ='Thông tin HV'!K23&"/12" | J29: 3 | K29: ='Thông tin HV'!O23 | L29: ='Thông tin HV'!P23
A30: 21 | B30: =PROPER(TRIM(LEFT(TRIM('Thông tin HV'!C24),LEN(TRIM('Thông tin HV'!C24))-LEN(C30)))) | C30: =PROPER(TRIM(RIGHT(SUBSTITUTE(TRIM('Thông tin HV'!C24)," ",REPT(" ",100)),100))) | D30: ='Thông tin HV'!D24 | E30: Nam | F30: Xê Đăng | G30: x | H30: x | I30: ='Thông tin HV'!K24&"/12" | J30: 3 | K30: ='Thông tin HV'!O24 | L30: ='Thông tin HV'!P24
A31: 22 | B31: =PROPER(TRIM(LEFT(TRIM('Thông tin HV'!C25),LEN(TRIM('Thông tin HV'!C25))-LEN(C31)))) | C31: =PROPER(TRIM(RIGHT(SUBSTITUTE(TRIM('Thông tin HV'!C25)," ",REPT(" ",100)),100))) | D31: ='Thông tin HV'!D25 | E31: Nam | F31: Xê Đăng | I31: ='Thông tin HV'!K25&"/12" | J31: 3 | K31: ='Thông tin HV'!O25 | L31: ='Thông tin HV'!P25
A32: 23 | B32: =PROPER(TRIM(LEFT(TRIM('Thông tin HV'!C26),LEN(TRIM('Thông tin HV'!C26))-LEN(C32)))) | C32: =PROPER(TRIM(RIGHT(SUBSTITUTE(TRIM('Thông tin HV'!C26)," ",REPT(" ",100)),100))) | D32: ='Thông tin HV'!D26 | E32: Nam | F32: Xê Đăng | G32: x | H32: x | I32: ='Thông tin HV'!K26&"/12" | J32: 3 | K32: ='Thông tin HV'!O26 | L32: ='Thông tin HV'!P26
A33: 24 | B33: =PROPER(TRIM(LEFT(TRIM('Thông tin HV'!C27),LEN(TRIM('Thông tin HV'!C27))-LEN(C33)))) | C33: =PROPER(TRIM(RIGHT(SUBSTITUTE(TRIM('Thông tin HV'!C27)," ",REPT(" ",100)),100))) | D33: ='Thông tin HV'!D27 | E33: Nam | F33: Gia Rai | G33: x | H33: x | I33: ='Thông tin HV'!K27&"/12" | J33: 3 | K33: ='Thông tin HV'!O27 | L33: ='Thông tin HV'!P27
A34: 25 | B34: =PROPER(TRIM(LEFT(TRIM('Thông tin HV'!C28),LEN(TRIM('Thông tin HV'!C28))-LEN(C34)))) | C34: =PROPER(TRIM(RIGHT(SUBSTITUTE(TRIM('Thông tin HV'!C28)," ",REPT(" ",100)),100))) | D34: ='Thông tin HV'!D28 | E34: Nam | F34: Xê Đăng | I34: ='Thông tin HV'!K28&"/12" | J34: 3 | K34: ='Thông tin HV'!O28 | L34: ='Thông tin HV'!P28
A35: 26 | B35: =PROPER(TRIM(LEFT(TRIM('Thông tin HV'!C29),LEN(TRIM('Thông tin HV'!C29))-LEN(C35)))) | C35: =PROPER(TRIM(RIGHT(SUBSTITUTE(TRIM('Thông tin HV'!C29)," ",REPT(" ",100)),100))) | D35: ='Thông tin HV'!D29 | E35: Nam | F35: Xê Đăng | G35: x | H35: x | I35: ='Thông tin HV'!K29&"/12" | J35: 3 | K35: ='Thông tin HV'!O29 | L35: ='Thông tin HV'!P29
A36: 27 | B36: =PROPER(TRIM(LEFT(TRIM('Thông tin HV'!C30),LEN(TRIM('Thông tin HV'!C30))-LEN(C36)))) | C36: =PROPER(TRIM(RIGHT(SUBSTITUTE(TRIM('Thông tin HV'!C30)," ",REPT(" ",100)),100))) | D36: ='Thông tin HV'!D30 | E36: Nam | F36: Xê Đăng | I36: ='Thông tin HV'!K30&"/12" | J36: 3 | K36: ='Thông tin HV'!O30 | L36: ='Thông tin HV'!P30
A37: 28 | B37: =PROPER(TRIM(LEFT(TRIM('Thông tin HV'!C31),LEN(TRIM('Thông tin HV'!C31))-LEN(C37)))) | C37: =PROPER(TRIM(RIGHT(SUBSTITUTE(TRIM('Thông tin HV'!C31)," ",REPT(" ",100)),100))) | D37: ='Thông tin HV'!D31 | E37: Nam | F37: Xê Đăng | G37: x | H37: x | I37: ='Thông tin HV'!K31&"/12" | J37: 3 | K37: ='Thông tin HV'!O31 | L37: ='Thông tin HV'!P31
A38: 29 | B38: =PROPER(TRIM(LEFT(TRIM('Thông tin HV'!C32),LEN(TRIM('Thông tin HV'!C32))-LEN(C38)))) | C38: =PROPER(TRIM(RIGHT(SUBSTITUTE(TRIM('Thông tin HV'!C32)," ",REPT(" ",100)),100))) | D38: ='Thông tin HV'!D32 | E38: Nữ | F38: Xê Đăng | G38: x | H38: x | I38: ='Thông tin HV'!K32&"/12" | J38: 3 | K38: ='Thông tin HV'!O32 | L38: ='Thông tin HV'!P32
A39: 30 | B39: =PROPER(TRIM(LEFT(TRIM('Thông tin HV'!C33),LEN(TRIM('Thông tin HV'!C33))-LEN(C39)))) | C39: =PROPER(TRIM(RIGHT(SUBSTITUTE(TRIM('Thông tin HV'!C33)," ",REPT(" ",100)),100))) | D39: ='Thông tin HV'!D33 | E39: Nữ | F39: Xê Đăng | I39: ='Thông tin HV'!K33&"/12" | J39: 3 | K39: ='Thông tin HV'!O33 | L39: ='Thông tin HV'!P33
A40: 31 | B40: =PROPER(TRIM(LEFT(TRIM('Thông tin HV'!C34),LEN(TRIM('Thông tin HV'!C34))-LEN(C40)))) | C40: =PROPER(TRIM(RIGHT(SUBSTITUTE(TRIM('Thông tin HV'!C34)," ",REPT(" ",100)),100))) | D40: ='Thông tin HV'!D34 | E40: Nữ | F40: Xê Đăng | G40: x | H40: x | I40: ='Thông tin HV'!K34&"/12" | J40: 3 | K40: ='Thông tin HV'!O34 | L40: ='Thông tin HV'!P34
A41: 32 | B41: =PROPER(TRIM(LEFT(TRIM('Thông tin HV'!C35),LEN(TRIM('Thông tin HV'!C35))-LEN(C41)))) | C41: =PROPER(TRIM(RIGHT(SUBSTITUTE(TRIM('Thông tin HV'!C35)," ",REPT(" ",100)),100))) | D41: ='Thông tin HV'!D35 | E41: Nữ | F41: Xê Đăng | I41: ='Thông tin HV'!K35&"/12" | J41: 3 | K41: ='Thông tin HV'!O35 | L41: ='Thông tin HV'!P35
A42: 33 | B42: =PROPER(TRIM(LEFT(TRIM('Thông tin HV'!C36),LEN(TRIM('Thông tin HV'!C36))-LEN(C42)))) | C42: =PROPER(TRIM(RIGHT(SUBSTITUTE(TRIM('Thông tin HV'!C36)," ",REPT(" ",100)),100))) | D42: ='Thông tin HV'!D36 | E42: Nữ | F42: Xê Đăng | I42: ='Thông tin HV'!K36&"/12" | J42: 3 | K42: ='Thông tin HV'!O36 | L42: ='Thông tin HV'!P36
B43: =PROPER(TRIM(LEFT(TRIM('Thông tin HV'!C37),LEN(TRIM('Thông tin HV'!C37))-LEN(C43)))) | C43: =PROPER(TRIM(RIGHT(SUBSTITUTE(TRIM('Thông tin HV'!C37)," ",REPT(" ",100)),100))) | D43: ='Thông tin HV'!D37 | I43: ='Thông tin HV'!K37&"/12"
B44: =PROPER(TRIM(LEFT(TRIM('Thông tin HV'!C38),LEN(TRIM('Thông tin HV'!C38))-LEN(C44)))) | C44: =PROPER(TRIM(RIGHT(SUBSTITUTE(TRIM('Thông tin HV'!C38)," ",REPT(" ",100)),100))) | D44: ='Thông tin HV'!D38 | I44: ='Thông tin HV'!K38&"/12"
A46: Tổng số: .....Học viên; Trong đó: + Nam: ....... học viên; + Nữ:........ học viên; + DTTS: .....học viên; + Nữ DTTS: ...... học viên; + Thanh niên: ..... học viên; Thanh niên DTTS: ........học viên;
A47: - Nhóm đối tượng: | C47: 1. Lao động ở khu vực nông thôn:........ Học viên  Người trong độ tuổi lao động:........... Học viên  Người thuộc hộ nghèo, hộ cận nghèo, hộ mới thoát nghèo:.......... Học viên 2. Lao động là thanh niên đã hoàn thành nghĩa vụ:......... Học viên  Thanh niên hoàn thành nghĩa vụ (Quân sự, Công an, Tình nguyện…):......... Học viên 3. Lao động vùng đồng bào DTTS & MN:............. Học viên  Người dân tộc thiểu số trong độ tuổi lao động:......... Học viên  Người dân tộc thiểu số thuộc hộ nghèo, hộ cận nghèo, hộ mới thoát nghèo:....... Học viên  Người dân tộc kinh thuộc hộ nghèo, hộ cận nghèo, hộ mới thoát nghèo:........ Học viên 4. Lao động khác:......... Học viên  Người thuộc diện được hưởng chính sách ưu đãi người có công với cách mạng:........Học viên  Người thuộc hộ gia đình bị thu hồi đất nông nghiệp, đất kinh doanh, lao động nữ bị mất việc làm:........Học viên
J58: Đăk Hà, ngày ......tháng......năm 2026
A59: TỔ ………………………… | J59: Người lập

Sheet DSTN-TT
B1: SỞ GIÁO DỤC VÀ ĐÀO TẠO TỈNH QUẢNG NGÃI | K1: CỘNG HÒA XÃ HỘI CHỦ NGHĨA VIỆT NAM
B2: TRUNG TÂM GDNN-GDTX KHU VỰC ĐĂK HÀ | K2: Độc lập - Tự do - Hạnh phúc
A5: DANH SÁCH TRÍCH NGANG HỌC VIÊN
A6: ="Tham gia lớp Đào tạo Nghề: "&UPPER('KHÓA HỌC'!D5)&"; Khóa: "&'KHÓA HỌC'!D3&"; Năm "&'KHÓA HỌC'!D4
A7: Địa điểm mở lớp: ....................................................................................................
A8: (Danh sách kèm theo Quyết định số: /QĐ-GDNN-GDTX ngày tháng năm 2026 của Giám đốc Trung tâm GDNN-GDTX khu vực Đăk Hà)
A9: Số TT | B9: Họ và tên | D9: Ngày, tháng, năm sinh | E9: Giới tính | F9: Dân tộc | G9: Thanh niên | H9: Thanh niên DTTS | I9: Trình độ văn hóa | J9: Nhóm đối tượng | K9: Nguyên quán | L9: Nơi cư trú | M9: Ghi chú
A10: 1 | B10: =PROPER(TRIM(LEFT(TRIM('Thông tin HV'!C4),LEN(TRIM('Thông tin HV'!C4))-LEN(C10)))) | C10: =PROPER(TRIM(RIGHT(SUBSTITUTE(TRIM('Thông tin HV'!C4)," ",REPT(" ",100)),100))) | D10: ='Thông tin HV'!D4 | E10: ='Thông tin HV'!E4 | F10: ='Thông tin HV'!G4 | G10: ='Thông tin HV'!I4 | H10: ='Thông tin HV'!J4 | I10: ='Thông tin HV'!K4&"/12" | J10: ='Thông tin HV'!M4 | K10: ='Thông tin HV'!O4 | L10: ='Thông tin HV'!P4
A11: 2 | B11: =PROPER(TRIM(LEFT(TRIM('Thông tin HV'!C5),LEN(TRIM('Thông tin HV'!C5))-LEN(C11)))) | C11: =PROPER(TRIM(RIGHT(SUBSTITUTE(TRIM('Thông tin HV'!C5)," ",REPT(" ",100)),100))) | D11: ='Thông tin HV'!D5 | E11: Nam | F11: ='Thông tin HV'!G5 | G11: ='Thông tin HV'!I5 | H11: ='Thông tin HV'!J5 | I11: ='Thông tin HV'!K5&"/12" | J11: ='Thông tin HV'!M5 | K11: ='Thông tin HV'!O5 | L11: ='Thông tin HV'!P5
A12: 3 | B12: =PROPER(TRIM(LEFT(TRIM('Thông tin HV'!C6),LEN(TRIM('Thông tin HV'!C6))-LEN(C12)))) | C12: =PROPER(TRIM(RIGHT(SUBSTITUTE(TRIM('Thông tin HV'!C6)," ",REPT(" ",100)),100))) | D12: ='Thông tin HV'!D6 | E12: Nam | F12: ='Thông tin HV'!G6 | G12: ='Thông tin HV'!I6 | H12: ='Thông tin HV'!J6 | I12: ='Thông tin HV'!K6&"/12" | J12: ='Thông tin HV'!M6 | K12: ='Thông tin HV'!O6 | L12: ='Thông tin HV'!P6
A13: 4 | B13: =PROPER(TRIM(LEFT(TRIM('Thông tin HV'!C7),LEN(TRIM('Thông tin HV'!C7))-LEN(C13)))) | C13: =PROPER(TRIM(RIGHT(SUBSTITUTE(TRIM('Thông tin HV'!C7)," ",REPT(" ",100)),100))) | D13: ='Thông tin HV'!D7 | E13: Nam | F13: ='Thông tin HV'!G7 | G13: ='Thông tin HV'!I7 | H13: ='Thông tin HV'!J7 | I13: ='Thông tin HV'!K7&"/12" | J13: ='Thông tin HV'!M7 | K13: ='Thông tin HV'!O7 | L13: ='Thông tin HV'!P7
A14: 5 | B14: =PROPER(TRIM(LEFT(TRIM('Thông tin HV'!C8),LEN(TRIM('Thông tin HV'!C8))-LEN(C14)))) | C14: =PROPER(TRIM(RIGHT(SUBSTITUTE(TRIM('Thông tin HV'!C8)," ",REPT(" ",100)),100))) | D14: ='Thông tin HV'!D8 | E14: Nam | F14: ='Thông tin HV'!G8 | G14: ='Thông tin HV'!I8 | H14: ='Thông tin HV'!J8 | I14: ='Thông tin HV'!K8&"/12" | J14: ='Thông tin HV'!M8 | K14: ='Thông tin HV'!O8 | L14: ='Thông tin HV'!P8
A15: 6 | B15: =PROPER(TRIM(LEFT(TRIM('Thông tin HV'!C9),LEN(TRIM('Thông tin HV'!C9))-LEN(C15)))) | C15: =PROPER(TRIM(RIGHT(SUBSTITUTE(TRIM('Thông tin HV'!C9)," ",REPT(" ",100)),100))) | D15: ='Thông tin HV'!D9 | E15: Nam | F15: ='Thông tin HV'!G9 | G15: ='Thông tin HV'!I9 | H15: ='Thông tin HV'!J9 | I15: ='Thông tin HV'!K9&"/12" | J15: ='Thông tin HV'!M9 | K15: ='Thông tin HV'!O9 | L15: ='Thông tin HV'!P9
A16: 7 | B16: =PROPER(TRIM(LEFT(TRIM('Thông tin HV'!C10),LEN(TRIM('Thông tin HV'!C10))-LEN(C16)))) | C16: =PROPER(TRIM(RIGHT(SUBSTITUTE(TRIM('Thông tin HV'!C10)," ",REPT(" ",100)),100))) | D16: ='Thông tin HV'!D10 | E16: Nam | F16: ='Thông tin HV'!G10 | G16: ='Thông tin HV'!I10 | H16: ='Thông tin HV'!J10 | I16: ='Thông tin HV'!K10&"/12" | J16: ='Thông tin HV'!M10 | K16: ='Thông tin HV'!O10 | L16: ='Thông tin HV'!P10
A17: 8 | B17: =PROPER(TRIM(LEFT(TRIM('Thông tin HV'!C11),LEN(TRIM('Thông tin HV'!C11))-LEN(C17)))) | C17: =PROPER(TRIM(RIGHT(SUBSTITUTE(TRIM('Thông tin HV'!C11)," ",REPT(" ",100)),100))) | D17: ='Thông tin HV'!D11 | E17: Nam | F17: ='Thông tin HV'!G11 | G17: ='Thông tin HV'!I11 | H17: ='Thông tin HV'!J11 | I17: ='Thông tin HV'!K11&"/12" | J17: ='Thông tin HV'!M11 | K17: ='Thông tin HV'!O11 | L17: ='Thông tin HV'!P11
A18: 9 | B18: =PROPER(TRIM(LEFT(TRIM('Thông tin HV'!C12),LEN(TRIM('Thông tin HV'!C12))-LEN(C18)))) | C18: =PROPER(TRIM(RIGHT(SUBSTITUTE(TRIM('Thông tin HV'!C12)," ",REPT(" ",100)),100))) | D18: ='Thông tin HV'!D12 | E18: Nam | F18: ='Thông tin HV'!G12 | G18: ='Thông tin HV'!I12 | H18: ='Thông tin HV'!J12 | I18: ='Thông tin HV'!K12&"/12" | J18: ='Thông tin HV'!M12 | K18: ='Thông tin HV'!O12 | L18: ='Thông tin HV'!P12
A19: 10 | B19: =PROPER(TRIM(LEFT(TRIM('Thông tin HV'!C13),LEN(TRIM('Thông tin HV'!C13))-LEN(C19)))) | C19: =PROPER(TRIM(RIGHT(SUBSTITUTE(TRIM('Thông tin HV'!C13)," ",REPT(" ",100)),100))) | D19: ='Thông tin HV'!D13 | E19: Nam | F19: ='Thông tin HV'!G13 | G19: ='Thông tin HV'!I13 | H19: ='Thông tin HV'!J13 | I19: ='Thông tin HV'!K13&"/12" | J19: ='Thông tin HV'!M13 | K19: ='Thông tin HV'!O13 | L19: ='Thông tin HV'!P13
A20: 11 | B20: =PROPER(TRIM(LEFT(TRIM('Thông tin HV'!C14),LEN(TRIM('Thông tin HV'!C14))-LEN(C20)))) | C20: =PROPER(TRIM(RIGHT(SUBSTITUTE(TRIM('Thông tin HV'!C14)," ",REPT(" ",100)),100))) | D20: ='Thông tin HV'!D14 | E20: Nam | F20: ='Thông tin HV'!G14 | G20: ='Thông tin HV'!I14 | H20: ='Thông tin HV'!J14 | I20: ='Thông tin HV'!K14&"/12" | J20: ='Thông tin HV'!M14 | K20: ='Thông tin HV'!O14 | L20: ='Thông tin HV'!P14
A21: 12 | B21: =PROPER(TRIM(LEFT(TRIM('Thông tin HV'!C15),LEN(TRIM('Thông tin HV'!C15))-LEN(C21)))) | C21: =PROPER(TRIM(RIGHT(SUBSTITUTE(TRIM('Thông tin HV'!C15)," ",REPT(" ",100)),100))) | D21: ='Thông tin HV'!D15 | E21: Nam | F21: ='Thông tin HV'!G15 | G21: ='Thông tin HV'!I15 | H21: ='Thông tin HV'!J15 | I21: ='Thông tin HV'!K15&"/12" | J21: ='Thông tin HV'!M15 | K21: ='Thông tin HV'!O15 | L21: ='Thông tin HV'!P15
A22: 13 | B22: =PROPER(TRIM(LEFT(TRIM('Thông tin HV'!C16),LEN(TRIM('Thông tin HV'!C16))-LEN(C22)))) | C22: =PROPER(TRIM(RIGHT(SUBSTITUTE(TRIM('Thông tin HV'!C16)," ",REPT(" ",100)),100))) | D22: ='Thông tin HV'!D16 | E22: Nam | F22: ='Thông tin HV'!G16 | G22: ='Thông tin HV'!I16 | H22: ='Thông tin HV'!J16 | I22: ='Thông tin HV'!K16&"/12" | J22: ='Thông tin HV'!M16 | K22: ='Thông tin HV'!O16 | L22: ='Thông tin HV'!P16
... A42: 33 | B42: =PROPER(TRIM(LEFT(TRIM('Thông tin HV'!C36),LEN(TRIM('Thông tin HV'!C36))-LEN(C42)))) | C42: =PROPER(TRIM(RIGHT(SUBSTITUTE(TRIM('Thông tin HV'!C36)," ",REPT(" ",100)),100))) | D42: ='Thông tin HV'!D36 | E42: Nữ | F42: ='Thông tin HV'!G36 | G42: ='Thông tin HV'!I36 | H42: ='Thông tin HV'!J36 | I42: ='Thông tin HV'!K36&"/12" | J42: ='Thông tin HV'!M36 | K42: ='Thông tin HV'!O36 | L42: ='Thông tin HV'!P36
B43: =PROPER(TRIM(LEFT(TRIM('Thông tin HV'!C37),LEN(TRIM('Thông tin HV'!C37))-LEN(C43)))) | C43: =PROPER(TRIM(RIGHT(SUBSTITUTE(TRIM('Thông tin HV'!C37)," ",REPT(" ",100)),100))) | F43: ='Thông tin HV'!G37 | G43: ='Thông tin HV'!I37 | H43: ='Thông tin HV'!J37 | J43: ='Thông tin HV'!M37
B44: =PROPER(TRIM(LEFT(TRIM('Thông tin HV'!C38),LEN(TRIM('Thông tin HV'!C38))-LEN(C44)))) | C44: =PROPER(TRIM(RIGHT(SUBSTITUTE(TRIM('Thông tin HV'!C38)," ",REPT(" ",100)),100))) | F44: ='Thông tin HV'!G38 | G44: ='Thông tin HV'!I38 | H44: ='Thông tin HV'!J38 | J44: ='Thông tin HV'!M38
B45: =PROPER(TRIM(LEFT(TRIM('Thông tin HV'!C39),LEN(TRIM('Thông tin HV'!C39))-LEN(C45)))) | C45: =PROPER(TRIM(RIGHT(SUBSTITUTE(TRIM('Thông tin HV'!C39)," ",REPT(" ",100)),100)))
A46: Tổng số: .....Học viên; Trong đó: + Nam: ....... học viên; + Nữ:........ học viên; + DTTS: .....học viên; + Nữ DTTS: ...... học viên; + Thanh niên: ..... học viên; Thanh niên DTTS: ........học viên;
A47: - Nhóm đối tượng: | C47: 1. Lao động ở khu vực nông thôn:........ Học viên  Người trong độ tuổi lao động:........... Học viên  Người thuộc hộ nghèo, hộ cận nghèo, hộ mới thoát nghèo:.......... Học viên 2. Lao động là thanh niên đã hoàn thành nghĩa vụ:......... Học viên  Thanh niên hoàn thành nghĩa vụ (Quân sự, Công an, Tình nguyện…):......... Học viên 3. Lao động vùng đồng bào DTTS & MN:............. Học viên  Người dân tộc thiểu số trong độ tuổi lao động:......... Học viên  Người dân tộc thiểu số thuộc hộ nghèo, hộ cận nghèo, hộ mới thoát nghèo:....... Học viên  Người dân tộc kinh thuộc hộ nghèo, hộ cận nghèo, hộ mới thoát nghèo:........ Học viên 4. Lao động khác:......... Học viên  Người thuộc diện được hưởng chính sách ưu đãi người có công với cách mạng:........Học viên  Người thuộc hộ gia đình bị thu hồi đất nông nghiệp, đất kinh doanh, lao động nữ bị mất việc làm:........Học viên
J58: Đăk Hà, ngày ......tháng......năm 2026
A59: TỔ ………………………… | J59: Người lập
A66: TRUNG TÂM GDNN - GDTX
A67: KHU VỰC ĐĂK HÀ

Sheet Ngày thực học
A1: THEO DÕI NGÀY THỰC HỌC CỦA HỌC VIÊN | M1: ="Lớp "&UPPER('KHÓA HỌC'!D5)&"; Khóa: "&'KHÓA HỌC'!D3&"; Năm "&'KHÓA HỌC'!D4 | AS1: ="Tháng …./"&'KHÓA HỌC'!D4
A3: Số TT | B3: Họ và tên | D3: Sinh năm | E3: Nơi cư trú
F4: S | G4: C | H4: S | I4: C | J4: S | K4: C | L4: S | M4: C | N4: S | O4: C | P4: S | Q4: C | R4: S | S4: C | T4: S | U4: C | V4: S | W4: C | X4: S | Y4: C | Z4: S | AA4: C | AB4: S | AC4: C | AD4: S | AE4: C | AF4: S | AG4: C | AH4: S | AI4: C | AJ4: S | AK4: C | AL4: S | AM4: C | AN4: S | AO4: C | AP4: S | AQ4: C | AR4: S | AS4: C
A5: 1 | B5: ='DSTN-TT'!B10 | C5: ='DSTN-TT'!C10 | D5: =YEAR('DSTN-TT'!D10) | E5: =LEFT('Thông tin HV'!P4,LEN('Thông tin HV'!P4)+1-FIND("*",SUBSTITUTE('Thông tin HV'!P4,", ","*",LEN('Thông tin HV'!P4)-LEN(SUBSTITUTE('Thông tin HV'!P4,",","")))))
A6: 2 | B6: ='DSTN-TT'!B11 | C6: ='DSTN-TT'!C11 | D6: =YEAR('DSTN-TT'!D11) | E6: =LEFT('Thông tin HV'!P5,LEN('Thông tin HV'!P5)+1-FIND("*",SUBSTITUTE('Thông tin HV'!P5,", ","*",LEN('Thông tin HV'!P5)-LEN(SUBSTITUTE('Thông tin HV'!P5,",","")))))
A7: 3 | B7: ='DSTN-TT'!B12 | C7: ='DSTN-TT'!C12 | D7: =YEAR('DSTN-TT'!D12) | E7: =LEFT('Thông tin HV'!P6,LEN('Thông tin HV'!P6)+1-FIND("*",SUBSTITUTE('Thông tin HV'!P6,", ","*",LEN('Thông tin HV'!P6)-LEN(SUBSTITUTE('Thông tin HV'!P6,",","")))))
A8: 4 | B8: ='DSTN-TT'!B13 | C8: ='DSTN-TT'!C13 | D8: =YEAR('DSTN-TT'!D13) | E8: =LEFT('Thông tin HV'!P7,LEN('Thông tin HV'!P7)+1-FIND("*",SUBSTITUTE('Thông tin HV'!P7,", ","*",LEN('Thông tin HV'!P7)-LEN(SUBSTITUTE('Thông tin HV'!P7,",","")))))
A9: 5 | B9: ='DSTN-TT'!B14 | C9: ='DSTN-TT'!C14 | D9: =YEAR('DSTN-TT'!D14) | E9: =LEFT('Thông tin HV'!P8,LEN('Thông tin HV'!P8)+1-FIND("*",SUBSTITUTE('Thông tin HV'!P8,", ","*",LEN('Thông tin HV'!P8)-LEN(SUBSTITUTE('Thông tin HV'!P8,",","")))))
A10: 6 | B10: ='DSTN-TT'!B15 | C10: ='DSTN-TT'!C15 | D10: =YEAR('DSTN-TT'!D15) | E10: =LEFT('Thông tin HV'!P9,LEN('Thông tin HV'!P9)+1-FIND("*",SUBSTITUTE('Thông tin HV'!P9,", ","*",LEN('Thông tin HV'!P9)-LEN(SUBSTITUTE('Thông tin HV'!P9,",","")))))
A11: 7 | B11: ='DSTN-TT'!B16 | C11: ='DSTN-TT'!C16 | D11: =YEAR('DSTN-TT'!D16) | E11: =LEFT('Thông tin HV'!P10,LEN('Thông tin HV'!P10)+1-FIND("*",SUBSTITUTE('Thông tin HV'!P10,", ","*",LEN('Thông tin HV'!P10)-LEN(SUBSTITUTE('Thông tin HV'!P10,",","")))))
A12: 8 | B12: ='DSTN-TT'!B17 | C12: ='DSTN-TT'!C17 | D12: =YEAR('DSTN-TT'!D17) | E12: =LEFT('Thông tin HV'!P11,LEN('Thông tin HV'!P11)+1-FIND("*",SUBSTITUTE('Thông tin HV'!P11,", ","*",LEN('Thông tin HV'!P11)-LEN(SUBSTITUTE('Thông tin HV'!P11,",","")))))
A13: 9 | B13: ='DSTN-TT'!B18 | C13: ='DSTN-TT'!C18 | D13: =YEAR('DSTN-TT'!D18) | E13: =LEFT('Thông tin HV'!P12,LEN('Thông tin HV'!P12)+1-FIND("*",SUBSTITUTE('Thông tin HV'!P12,", ","*",LEN('Thông tin HV'!P12)-LEN(SUBSTITUTE('Thông tin HV'!P12,",","")))))
A14: 10 | B14: ='DSTN-TT'!B19 | C14: ='DSTN-TT'!C19 | D14: =YEAR('DSTN-TT'!D19) | E14: =LEFT('Thông tin HV'!P13,LEN('Thông tin HV'!P13)+1-FIND("*",SUBSTITUTE('Thông tin HV'!P13,", ","*",LEN('Thông tin HV'!P13)-LEN(SUBSTITUTE('Thông tin HV'!P13,",","")))))
A15: 11 | B15: ='DSTN-TT'!B20 | C15: ='DSTN-TT'!C20 | D15: =YEAR('DSTN-TT'!D20) | E15: =LEFT('Thông tin HV'!P14,LEN('Thông tin HV'!P14)+1-FIND("*",SUBSTITUTE('Thông tin HV'!P14,", ","*",LEN('Thông tin HV'!P14)-LEN(SUBSTITUTE('Thông tin HV'!P14,",","")))))
A16: 12 | B16: ='DSTN-TT'!B21 | C16: ='DSTN-TT'!C21 | D16: =YEAR('DSTN-TT'!D21) | E16: =LEFT('Thông tin HV'!P15,LEN('Thông tin HV'!P15)+1-FIND("*",SUBSTITUTE('Thông tin HV'!P15,", ","*",LEN('Thông tin HV'!P15)-LEN(SUBSTITUTE('Thông tin HV'!P15,",","")))))
... A39: 35 | B39: ='DSTN-TT'!B44 | C39: ='DSTN-TT'!C44 | D39: =YEAR('DSTN-TT'!D44) | E39: =LEFT('Thông tin HV'!P38,LEN('Thông tin HV'!P38)+1-FIND("*",SUBSTITUTE('Thông tin HV'!P38,", ","*",LEN('Thông tin HV'!P38)-LEN(SUBSTITUTE('Thông tin HV'!P38,",","")))))
B40: Nhận xét, đánh giá hàng ngày:

Sheet Xét KT TC
A1: SỞ GIÁO DỤC VÀ ĐÀO TẠO TỈNH QUẢNG NGÃI | G1: CỘNG HÒA XÃ HỘI CHỦ NGHĨA VIỆT NAM
A2: TRUNG TÂM GDNN-GDTX KHU VỰC ĐĂK HÀ | G2: Độc lập - Tự do - Hạnh phúc
A3: ____________ | G3: _______________________
A5: BẢNG XÉT ĐIỀU KIỆN DỰ KIỂM TRA KẾT THÚC TÍN CHỈ
A6: ="Lớp Đào tạo Nghề: "&UPPER('KHÓA HỌC'!D5)&"; Khóa: "&'KHÓA HỌC'!D3&"; Năm "&'KHÓA HỌC'!D4
A7: Tín chỉ: Mã tín chỉ: Tên tín chỉ - Mã mô đun: Tên mô đun
A9: STT | B9: Mã HV | C9: Họ và tên | E9: Năm sinh | F9: % thời gian học LT so với tổng số tiết LT | G9: % thời gian học TH so với tổng số tiết TH | H9: Trung bình các điểm kiểm tra từ 5,0 điểm trở lên | I9: Đủ điều kiện kiểm tra kết thúc tín chỉ | J9: Lý do Không đủ điều kiện kiểm tra kết thúc tín chỉ
A10: ='Thông tin HV'!A2 | B10: ='Thông tin HV'!B2 | C10: ='Thông tin HV'!C2 | E10: 1984 | F10: 1 | G10: 1 | H10: Đạt | I10: Đủ
A11: ='Thông tin HV'!A3 | B11: ='Thông tin HV'!B3 | C11: ='Thông tin HV'!C3 | E11: 1986 | F11: 1 | G11: 1 | H11: Đạt | I11: Đủ
A12: ='Thông tin HV'!A4 | B12: ='Thông tin HV'!B4 | C12: ='Thông tin HV'!C4 | E12: 1981 | F12: 1 | G12: 1 | H12: Đạt | I12: Đủ
A13: ='Thông tin HV'!A5 | B13: ='Thông tin HV'!B5 | C13: ='Thông tin HV'!C5 | E13: 1978 | F13: 1 | G13: 1 | H13: Đạt | I13: Đủ
A14: ='Thông tin HV'!A6 | B14: ='Thông tin HV'!B6 | C14: ='Thông tin HV'!C6 | E14: 1970 | F14: 1 | G14: 1 | H14: Đạt | I14: Đủ
A15: ='Thông tin HV'!A7 | B15: ='Thông tin HV'!B7 | C15: ='Thông tin HV'!C7 | E15: 2001 | F15: 1 | G15: 1 | H15: Đạt | I15: Đủ
A16: ='Thông tin HV'!A8 | B16: ='Thông tin HV'!B8 | C16: ='Thông tin HV'!C8 | E16: 1963 | F16: 1 | G16: 1 | H16: Đạt | I16: Đủ
A17: ='Thông tin HV'!A9 | B17: ='Thông tin HV'!B9 | C17: ='Thông tin HV'!C9 | E17: 1981 | F17: 1 | G17: 1 | H17: Đạt | I17: Đủ
A18: ='Thông tin HV'!A10 | B18: ='Thông tin HV'!B10 | C18: ='Thông tin HV'!C10 | E18: 1990 | F18: 1 | G18: 1 | H18: Đạt | I18: Đủ
A19: ='Thông tin HV'!A11 | B19: ='Thông tin HV'!B11 | C19: ='Thông tin HV'!C11 | E19: 1977 | F19: 1 | G19: 1 | H19: Đạt | I19: Đủ
A20: ='Thông tin HV'!A12 | B20: ='Thông tin HV'!B12 | C20: ='Thông tin HV'!C12 | E20: 1986 | F20: 1 | G20: 1 | H20: Đạt | I20: Đủ
A21: ='Thông tin HV'!A13 | B21: ='Thông tin HV'!B13 | C21: ='Thông tin HV'!C13 | E21: 1976 | F21: 1 | G21: 1 | H21: Đạt | I21: Đủ
... A24: ='Thông tin HV'!A16 | B24: ='Thông tin HV'!B16 | C24: ='Thông tin HV'!C16 | E24: 1982 | F24: 1 | G24: 1 | H24: Đạt | I24: Đủ
A25: ='Thông tin HV'!A17 | B25: ='Thông tin HV'!B17 | C25: ='Thông tin HV'!C17 | E25: 1983 | F25: 0 | G25: 0 | H25: Không | I25: Không | J25: Bỏ học giữa chừng
A26: ='Thông tin HV'!A18 | B26: ='Thông tin HV'!B18 | C26: ='Thông tin HV'!C18 | E26: 1990 | F26: 1 | G26: 1 | H26: Đạt | I26: Đủ
A27: ='Thông tin HV'!A19 | B27: ='Thông tin HV'!B19 | C27: ='Thông tin HV'!C19 | E27: 1979 | F27: 1 | G27: 1 | H27: Đạt | I27: Đủ
A28: ='Thông tin HV'!A20 | B28: ='Thông tin HV'!B20 | C28: ='Thông tin HV'!C20 | E28: 1980 | F28: 1 | G28: 1 | H28: Đạt | I28: Đủ
A29: ='Thông tin HV'!A21 | B29: ='Thông tin HV'!B21 | C29: ='Thông tin HV'!C21 | E29: 1965 | F29: 1 | G29: 1 | H29: Đạt | I29: Đủ
A30: ='Thông tin HV'!A22 | B30: ='Thông tin HV'!B22 | C30: ='Thông tin HV'!C22 | E30: 1999 | F30: 1 | G30: 1 | H30: Đạt | I30: Đủ
A31: ='Thông tin HV'!A23 | B31: ='Thông tin HV'!B23 | C31: ='Thông tin HV'!C23 | E31: 1985 | F31: 1 | G31: 1 | H31: Đạt | I31: Đủ
A32: ='Thông tin HV'!A24 | B32: ='Thông tin HV'!B24 | C32: ='Thông tin HV'!C24 | E32: 1975 | F32: 1 | G32: 1 | H32: Đạt | I32: Đủ
A33: ='Thông tin HV'!A25 | B33: ='Thông tin HV'!B25 | C33: ='Thông tin HV'!C25 | E33: 1992 | F33: 1 | G33: 1 | H33: Đạt | I33: Đủ
A34: ='Thông tin HV'!A26 | B34: ='Thông tin HV'!B26 | C34: ='Thông tin HV'!C26 | E34: 1978 | F34: 1 | G34: 1 | H34: Đạt | I34: Đủ
A35: ='Thông tin HV'!A27 | B35: ='Thông tin HV'!B27 | C35: ='Thông tin HV'!C27 | E35: 1965 | F35: 1 | G35: 1 | H35: Đạt | I35: Đủ
A36: ='Thông tin HV'!A28 | B36: ='Thông tin HV'!B28 | C36: ='Thông tin HV'!C28 | E36: 2005 | F36: 1 | G36: 1 | H36: Đạt | I36: Đủ
A37: ='Thông tin HV'!A29 | B37: ='Thông tin HV'!B29 | C37: ='Thông tin HV'!C29 | E37: 1986 | F37: 1 | G37: 1 | H37: Đạt | I37: Đủ
... A43: ='Thông tin HV'!A35 | B43: ='Thông tin HV'!B35 | C43: ='Thông tin HV'!C35 | E43: 1969 | F43: 1 | G43: 1 | H43: Đạt | I43: Đủ
H46: Đăk Tô, ngày tháng năm 2023
C47: TỔ ĐÀO TẠO NGHỀ - DỊCH VỤ | H47: NGƯỜI XÉT
H53: Trần Minh Vụ

Sheet Xét KT MĐ
A1: SỞ GIÁO DỤC VÀ ĐÀO TẠO TỈNH QUẢNG NGÃI | G1: CỘNG HÒA XÃ HỘI CHỦ NGHĨA VIỆT NAM
A2: TRUNG TÂM GDNN-GDTX KHU VỰC ĐĂK HÀ | G2: Độc lập - Tự do - Hạnh phúc
A3: ____________ | G3: _______________________
A5: BẢNG XÉT ĐIỀU KIỆN DỰ KIỂM TRA KẾT THÚC MÔ ĐUN
A6: ="Lớp Đào tạo Nghề: "&UPPER('KHÓA HỌC'!D5)&"; Khóa: "&'KHÓA HỌC'!D3&"; Năm "&'KHÓA HỌC'!D4
A7: Mô đun: Mã mô đun: Tên mô đun
A9: STT | B9: Mã HV | C9: Họ và tên | E9: Năm sinh | F9: Điểm kiểm tra các tín chỉ đạt từ 5,0 điểm trở lên | G9: Có/không đang trong thời gian bị truy cứu trách nhiệm hình sự | H9: Đủ kiểm tra kết thúc mô đun | I9: Lý do Không đủ điều kiện kiểm tra kết thúc mô đun
A10: ='Thông tin HV'!A2 | B10: ='Thông tin HV'!B2 | C10: ='Thông tin HV'!C2 | E10: ='Thông tin HV'!E2 | F10: Đạt | G10: Không | H10: Đủ
A11: ='Thông tin HV'!A3 | B11: ='Thông tin HV'!B3 | C11: ='Thông tin HV'!C3 | E11: ='Thông tin HV'!E3 | F11: Đạt | G11: Không | H11: Đủ
A12: ='Thông tin HV'!A4 | B12: ='Thông tin HV'!B4 | C12: ='Thông tin HV'!C4 | E12: ='Thông tin HV'!E4 | F12: Đạt | G12: Không | H12: Đủ
A13: ='Thông tin HV'!A5 | B13: ='Thông tin HV'!B5 | C13: ='Thông tin HV'!C5 | E13: ='Thông tin HV'!E5 | F13: Đạt | G13: Không | H13: Đủ
A14: ='Thông tin HV'!A6 | B14: ='Thông tin HV'!B6 | C14: ='Thông tin HV'!C6 | E14: ='Thông tin HV'!E6 | F14: Đạt | G14: Không | H14: Đủ
A15: ='Thông tin HV'!A7 | B15: ='Thông tin HV'!B7 | C15: ='Thông tin HV'!C7 | E15: ='Thông tin HV'!E7 | F15: Đạt | G15: Không | H15: Đủ
A16: ='Thông tin HV'!A8 | B16: ='Thông tin HV'!B8 | C16: ='Thông tin HV'!C8 | E16: ='Thông tin HV'!E8 | F16: Đạt | G16: Không | H16: Đủ
A17: ='Thông tin HV'!A9 | B17: ='Thông tin HV'!B9 | C17: ='Thông tin HV'!C9 | E17: ='Thông tin HV'!E9 | F17: Đạt | G17: Không | H17: Đủ
A18: ='Thông tin HV'!A10 | B18: ='Thông tin HV'!B10 | C18: ='Thông tin HV'!C10 | E18: ='Thông tin HV'!E10 | F18: Đạt | G18: Không | H18: Đủ
A19: ='Thông tin HV'!A11 | B19: ='Thông tin HV'!B11 | C19: ='Thông tin HV'!C11 | E19: ='Thông tin HV'!E11 | F19: Đạt | G19: Không | H19: Đủ
A20: ='Thông tin HV'!A12 | B20: ='Thông tin HV'!B12 | C20: ='Thông tin HV'!C12 | E20: ='Thông tin HV'!E12 | F20: Đạt | G20: Không | H20: Đủ
A21: ='Thông tin HV'!A13 | B21: ='Thông tin HV'!B13 | C21: ='Thông tin HV'!C13 | E21: ='Thông tin HV'!E13 | F21: Đạt | G21: Không | H21: Đủ
... A24: ='Thông tin HV'!A16 | B24: ='Thông tin HV'!B16 | C24: ='Thông tin HV'!C16 | E24: ='Thông tin HV'!E16 | F24: Đạt | G24: Không | H24: Đủ
A25: ='Thông tin HV'!A17 | B25: ='Thông tin HV'!B17 | C25: ='Thông tin HV'!C17 | E25: ='Thông tin HV'!E17 | F25: Không | G25: Không | H25: Không | I25: Bỏ học giữa chừng
A26: ='Thông tin HV'!A18 | B26: ='Thông tin HV'!B18 | C26: ='Thông tin HV'!C18 | E26: ='Thông tin HV'!E18 | F26: Đạt | G26: Không | H26: Đủ
A27: ='Thông tin HV'!A19 | B27: ='Thông tin HV'!B19 | C27: ='Thông tin HV'!C19 | E27: ='Thông tin HV'!E19 | F27: Đạt | G27: Không | H27: Đủ
A28: ='Thông tin HV'!A20 | B28: ='Thông tin HV'!B20 | C28: ='Thông tin HV'!C20 | E28: ='Thông tin HV'!E20 | F28: Đạt | G28: Không | H28: Đủ
A29: ='Thông tin HV'!A21 | B29: ='Thông tin HV'!B21 | C29: ='Thông tin HV'!C21 | E29: ='Thông tin HV'!E21 | F29: Đạt | G29: Không | H29: Đủ
A30: ='Thông tin HV'!A22 | B30: ='Thông tin HV'!B22 | C30: ='Thông tin HV'!C22 | E30: ='Thông tin HV'!E22 | F30: Đạt | G30: Không | H30: Đủ
A31: ='Thông tin HV'!A23 | B31: ='Thông tin HV'!B23 | C31: ='Thông tin HV'!C23 | E31: ='Thông tin HV'!E23 | F31: Đạt | G31: Không | H31: Đủ
A32: ='Thông tin HV'!A24 | B32: ='Thông tin HV'!B24 | C32: ='Thông tin HV'!C24 | E32: ='Thông tin HV'!E24 | F32: Đạt | G32: Không | H32: Đủ
A33: ='Thông tin HV'!A25 | B33: ='Thông tin HV'!B25 | C33: ='Thông tin HV'!C25 | E33: ='Thông tin HV'!E25 | F33: Đạt | G33: Không | H33: Đủ
A34: ='Thông tin HV'!A26 | B34: ='Thông tin HV'!B26 | C34: ='Thông tin HV'!C26 | E34: ='Thông tin HV'!E26 | F34: Đạt | G34: Không | H34: Đủ
A35: ='Thông tin HV'!A27 | B35: ='Thông tin HV'!B27 | C35: ='Thông tin HV'!C27 | E35: ='Thông tin HV'!E27 | F35: Đạt | G35: Không | H35: Đủ
A36: ='Thông tin HV'!A28 | B36: ='Thông tin HV'!B28 | C36: ='Thông tin HV'!C28 | E36: ='Thông tin HV'!E28 | F36: Đạt | G36: Không | H36: Đủ
A37: ='Thông tin HV'!A29 | B37: ='Thông tin HV'!B29 | C37: ='Thông tin HV'!C29 | E37: ='Thông tin HV'!E29 | F37: Đạt | G37: Không | H37: Đủ
... A44: ='Thông tin HV'!A36 | B44: ='Thông tin HV'!B36 | C44: ='Thông tin HV'!C36 | E44: ='Thông tin HV'!E36 | F44: Đạt | G44: Không | H44: Đủ
C46: TỔ ĐÀO TẠO NGHỀ - DỊCH VỤ | H46: Đăk Tô, ngày tháng năm 2023
H47: NGƯỜI XÉT

Sheet Phiếu MĐ
A1: SỞ GIÁO DỤC VÀ ĐÀO TẠO TỈNH QUẢNG NGÃI | F1: CỘNG HÒA XÃ HỘI CHỦ NGHĨA VIỆT NAM
A2: TRUNG TÂM GDNN-GDTX KHU VỰC ĐĂK HÀ | F2: Độc lập - Tự do - Hạnh phúc
A3: ____________ | F3: _______________________
A4: PHIẾU CHẤM ĐIỂM | I4: Hãy bấm chọn mô đun kiểm tra
A5: Kiểm tra kết thúc mô đun lần thứ nhất | I5: TMC01. Chăm sóc cây mắc ca
A6: ="Kỳ kiểm tra kết thúc mô đun: "&I5&", ngày tháng năm "&YEAR([1]HOME!C10)
A8: Địa điểm kiểm tra:
A9: Lớp đào tạo nghề | C9: =[1]HOME!C4&" - Khóa "&[1]HOME!C16&", năm "&YEAR([1]HOME!C10)
A10: Địa điểm mở lớp: | C10: =[1]HOME!C14
A11: Thời gian đào tạo: | C11: =[1]HOME!C8 | E11: Trình độ đào tạo: | G11: =IF(C11>=3,"Sơ cấp bậc 1","Đào tạo thường xuyên")
A12: Họ và tên Cán bộ chấm kiểm tra:
A13: Mô đun kiểm tra: | C13: =I5
A14: Hình thức kiểm tra: Thực hành.
A16: STT | B16: Mã sô học viên | C16: Họ và tên | D16: Đề số | E16: Kết quả | G16: Nhận xét
E17: Đạt/Không đạt | F17: Điểm
A18: ='Thông tin HV'!A2 | B18: ='Thông tin HV'!B2 | C18: ='Thông tin HV'!C2
A19: ='Thông tin HV'!A3 | B19: ='Thông tin HV'!B3 | C19: ='Thông tin HV'!C3
A20: ='Thông tin HV'!A4 | B20: ='Thông tin HV'!B4 | C20: ='Thông tin HV'!C4
A21: ='Thông tin HV'!A5 | B21: ='Thông tin HV'!B5 | C21: ='Thông tin HV'!C5
A22: ='Thông tin HV'!A6 | B22: ='Thông tin HV'!B6 | C22: ='Thông tin HV'!C6
A23: ='Thông tin HV'!A7 | B23: ='Thông tin HV'!B7 | C23: ='Thông tin HV'!C7
A24: ='Thông tin HV'!A8 | B24: ='Thông tin HV'!B8 | C24: ='Thông tin HV'!C8
A25: ='Thông tin HV'!A9 | B25: ='Thông tin HV'!B9 | C25: ='Thông tin HV'!C9
A26: ='Thông tin HV'!A10 | B26: ='Thông tin HV'!B10 | C26: ='Thông tin HV'!C10
A27: ='Thông tin HV'!A11 | B27: ='Thông tin HV'!B11 | C27: ='Thông tin HV'!C11
A28: ='Thông tin HV'!A12 | B28: ='Thông tin HV'!B12 | C28: ='Thông tin HV'!C12
A29: ='Thông tin HV'!A13 | B29: ='Thông tin HV'!B13 | C29: ='Thông tin HV'!C13
... A52: ='Thông tin HV'!A36 | B52: ='Thông tin HV'!B36 | C52: ='Thông tin HV'!C36
A53: Thống kê: | C53: - Tổng số học viên đủ điều kiện dự kiểm tra:…………. Học viên;
C54: - Tổng số học viên có mặt: …………………………….Học viên;
C55: - Tổng số học viên vắng mặt:…………………………..Học viên;
C56: Trong đó: Vắng có lý do chính đáng: ………………….Học viên;
A57: (Những học viên vắng mặt Cán bộ coi kiểm tra ghi cụ thể lý do vào ô “Nhận xét”)
C58: - Tổng số học viên đạt yêu cầu: ……...Học viên; Đạt:....... %
A59: (Học viên đạt yêu cầu là học viên có điểm kiểm tra từ 5,0 điểm trở lên)
A60: Nhận xét về kỳ kiểm tra :
C65: Người nhận lại phiếu | G65: Cán bộ coi và chấm kiểm tra
C66: (Ký, ghi rõ họ tên) | G66: (Ký, ghi rõ họ tên)
A69: Lưu ý :
A70: - Phiếu chấm kết thúc khóa học này được cán bộ coi và chấm kiểm tra thực hiện;
A71: - Sau khi đã hoàn thành các tiêu chí trong phiếu, nộp lại cho thư ký hội đồng để Thư ký tổng hợp, phiếu này được lưu trong hồ sơ lớp học tại Tổ Giáo vụ.
A72: - Điểm kiểm tra được đánh giá ở 02 mức độ: Đạt yêu cầu (đạt từ 5 điểm trở lên với thang điểm 10) và không đạt yêu cầu (đạt dưới 05 điểm đối với thang điểm 10).
A73: - Nếu trong quá trình tổng hợp, có những thang điểm chênh lệch nhau nhiều mà các cán bộ chấm kiểm tra không thống nhất được thì phải trình hội đồng kiểm tra kết thúc khóa học xem xét, quyết định./.

Sheet Điểm MĐ
A1: SỞ GIÁO DỤC VÀ ĐÀO TẠO TỈNH QUẢNG NGÃI | F1: CỘNG HÒA XÃ HỘI CHỦ NGHĨA VIỆT NAM
A2: TRUNG TÂM GDNN-GDTX KHU VỰC ĐĂK HÀ | F2: Độc lập - Tự do - Hạnh phúc
A4: BẢNG TỔNG HỢP ĐIỂM KIỂM TRA KẾT THÚC MÔ ĐUN
A5: ="Tham gia lớp Đào tạo Nghề: "&UPPER('KHÓA HỌC'!D5)&"; Khóa: "&'KHÓA HỌC'!D3&"; Năm "&'KHÓA HỌC'!D4
A7: STT | B7: Họ và tên | D7: Năm sinh | E7: Điểm của cán bộ coi, chấm kiểm tra 1 | F7: Điểm của cán bộ coi, chấm kiểm tra 2 | G7: Điểm tổng hợp (Trung bình cộng 2 điểm của 2 cán bộ coi, chấm kiểm tra) | H7: Điểm do Hội đồng xét duyệt và chấp nhận
A8: 01 | B8: ='Thông tin HV'!C4 | D8: ='Thông tin HV'!D4 | E8: 6 | F8: 7 | G8: =(E8+F8)/2 | H8: =G8
A9: 02 | B9: ='Thông tin HV'!C5 | D9: ='Thông tin HV'!D5 | E9: 7 | F9: 6 | G9: =(E9+F9)/2 | H9: =G9
A10: 03 | B10: ='Thông tin HV'!C6 | D10: ='Thông tin HV'!D6 | E10: 6 | F10: 6 | G10: =(E10+F10)/2 | H10: =G10
A11: 04 | B11: ='Thông tin HV'!C7 | D11: ='Thông tin HV'!D7 | E11: 0 | F11: 0 | G11: =(E11+F11)/2 | H11: =G11
A12: 05 | B12: ='Thông tin HV'!C8 | D12: ='Thông tin HV'!D8 | E12: 7 | F12: 7 | G12: =(E12+F12)/2 | H12: =G12
A13: 06 | B13: ='Thông tin HV'!C9 | D13: ='Thông tin HV'!D9 | E13: 6 | F13: 6 | G13: =(E13+F13)/2 | H13: =G13
A14: 07 | B14: ='Thông tin HV'!C10 | D14: ='Thông tin HV'!D10 | E14: 6 | F14: 6 | G14: =(E14+F14)/2 | H14: =G14
A15: 08 | B15: ='Thông tin HV'!C11 | D15: ='Thông tin HV'!D11 | E15: 6 | F15: 6 | G15: =(E15+F15)/2 | H15: =G15
A16: 09 | B16: ='Thông tin HV'!C12 | D16: ='Thông tin HV'!D12 | E16: 6 | F16: 6 | G16: =(E16+F16)/2 | H16: =G16
A17: 10 | B17: ='Thông tin HV'!C13 | D17: ='Thông tin HV'!D13 | E17: 6 | F17: 6 | G17: =(E17+F17)/2 | H17: =G17
A18: 11 | B18: ='Thông tin HV'!C14 | D18: ='Thông tin HV'!D14 | E18: 6 | F18: 6 | G18: =(E18+F18)/2 | H18: =G18
A19: 12 | B19: ='Thông tin HV'!C15 | D19: ='Thông tin HV'!D15 | E19: 0 | F19: 0 | G19: =(E19+F19)/2 | H19: =G19
... A40: 33 | B40: ='Thông tin HV'!C36 | D40: ='Thông tin HV'!D36 | E40: 6 | F40: 6 | G40: =(E40+F40)/2 | H40: =G40
A41: 34 | B41: ='Thông tin HV'!C37 | D41: ='Thông tin HV'!D37
A42: 35 | B42: ='Thông tin HV'!C38 | D42: ='Thông tin HV'!D38
G43: ="Đăk Tô, ngày ..… tháng ….. năm "&'THỐNG KÊ'!E5
A44: CHỦ TỊCH HỘI ĐỒNG | G44: THƯ KÝ

Sheet Điểm KH
A1: Số TT | B1: Mã số HV | C1: Họ và tên | E1: Năm sinh | F1: MÔ ĐUN 1 | X1: MÔ ĐUN 2 | AP1: MÔ ĐUN 3 | BH1: Điểm tổng kết khóa học | BI1: Xếp loại tốt nghiệp | BJ1: Tốt nghiệp
F2: Tín chỉ 1.1 | M2: Tín chỉ 1.2 | T2: KT kết thúc MĐ1 | W2: Tổng kết MĐ1 | X2: Tín chỉ 2.1 | AE2: Tín chỉ 2.2 | AL2: KT kết thúc MĐ2 | AO2: Tổng kết MĐ2 | AP2: Tín chỉ 3.1 | AW2: Tín chỉ 3.2 | BD2: KT kết thúc MĐ3 | BG2: Tổng kết MĐ3
F3: TX1 | G3: TX2 | H3: ĐK1 | I3: ĐK2 | J3: TB.KT | K3: Kết thúc tín chỉ 1.1 | L3: Trung bình tín chỉ 1.1 | M3: TX1 | N3: TX2 | O3: ĐK1 | P3: ĐK2 | Q3: TB.KT | R3: Kết thúc tín chỉ 1.2 | S3: Trung bình tín chỉ 1.2 | T3: CB1 | U3: CB2 | V3: Tr.bình | X3: TX1 | Y3: TX2 | Z3: ĐK1 | AA3: ĐK2 | AB3: TB.KT | AC3: Kết thúc tín chỉ 2.1 | AD3: Trung bình tín chỉ 2.1 | AE3: TX1 | AF3: TX2 | AG3: ĐK1 | AH3: ĐK2 | AI3: TB.KT | AJ3: Kết thúc tín chỉ 2.2 | AK3: Trung bình tín chỉ 2.2 | AL3: CB1 | AM3: CB2 | AN3: Tr.bình | AP3: TX1 | AQ3: TX2 | AR3: ĐK1 | AS3: ĐK2 | AT3: TB.KT | AU3: Kết thúc tín chỉ 3.1 | AV3: Trung bình tín chỉ 3.1 | AW3: TX1 | AX3: TX2 | AY3: ĐK1 | AZ3: ĐK2 | BA3: TB.KT | BB3: Kết thúc tín chỉ 3.2 | BC3: Trung bình tín chỉ 3.2 | BD3: CB1 | BE3: CB2 | BF3: Tr.bình
A4: =IF('Thông tin HV'!A4="","",'Thông tin HV'!A4) | B4: =IF('Thông tin HV'!B4="","",'Thông tin HV'!B4) | C4: =IF('Thông tin HV'!C4="","",'Thông tin HV'!C4) | E4: 1997 | F4: 6 | H4: 7 | J4: =ROUND((AVERAGE(F4:G4)*2+AVERAGE(H4:I4))/3,1) | K4: 8 | L4: =ROUND((J4*2+K4*3)/5,1) | Q4: =IFERROR(ROUND((AVERAGE(M4:N4)*2+AVERAGE(O4:P4))/3,1),"") | S4: =IFERROR(ROUND((Q4*2+R4*3)/5,1),"") | T4: 6 | U4: 7 | V4: =ROUND(AVERAGE(T4:U4),1) | W4: =ROUND((AVERAGE(L4,S4)+V4*2)/3,1) | X4: 6 | Z4: 7 | AB4: =ROUND((AVERAGE(X4:Y4)*2+AVERAGE(Z4:AA4))/3,1) | AC4: 8 | AD4: =ROUND((AB4*2+AC4*3)/5,1) | AI4: =IFERROR(ROUND((AVERAGE(AE4:AF4)*2+AVERAGE(AG4:AH4))/3,1),"") | AK4: =IFERROR(ROUND((AI4*2+AJ4*3)/5,1),"") | AL4: 6 | AM4: 7 | AN4: =ROUND(AVERAGE(AL4:AM4),1) | AO4: =ROUND((AVERAGE(AD4,AK4)+AN4*2)/3,1) | AP4: 6 | AR4: 7 | AT4: =ROUND((AVERAGE(AP4:AQ4)*2+AVERAGE(AR4:AS4))/3,1) | AU4: 8 | AV4: =ROUND((AT4*2+AU4*3)/5,1) | BA4: =IFERROR(ROUND((AVERAGE(AW4:AX4)*2+AVERAGE(AY4:AZ4))/3,1),"") | BC4: =IFERROR(ROUND((BA4*2+BB4*3)/5,1),"") | BD4: 6 | BE4: 7 | BF4: =ROUND(AVERAGE(BD4:BE4),1) | BG4: =ROUND((AVERAGE(AV4,BC4)+BF4*2)/3,1) | BH4: =IFERROR(ROUND(AVERAGE(BG4,AO4,W4),1),"") | BI4: =IF(BH4>=9,"Xuất sắc",IF(BH4>=8,"Giỏi",IF(BH4>=7,"Khá",IF(BH4>=6,"Trung bình - Khá",IF(BH4>=5,"Trung bình","Không đạt"))))) | BJ4: =IF(AND(ISNUMBER(BH4), BH4>=5), "x", "")
A5: =IF('Thông tin HV'!A5="","",'Thông tin HV'!A5) | B5: =IF('Thông tin HV'!B5="","",'Thông tin HV'!B5) | C5: =IF('Thông tin HV'!C5="","",'Thông tin HV'!C5) | F5: 6 | H5: 7 | J5: =ROUND((AVERAGE(F5:G5)*2+AVERAGE(H5:I5))/3,1) | K5: 8 | L5: =ROUND((J5*2+K5*3)/5,1) | Q5: =IFERROR(ROUND((AVERAGE(M5:N5)*2+AVERAGE(O5:P5))/3,1),"") | S5: =IFERROR(ROUND((Q5*2+R5*3)/5,1),"") | T5: 7 | U5: 6 | V5: =ROUND(AVERAGE(T5:U5),1) | W5: =ROUND((AVERAGE(L5,S5)+V5*2)/3,1) | X5: 6 | Z5: 7 | AB5: =ROUND((AVERAGE(X5:Y5)*2+AVERAGE(Z5:AA5))/3,1) | AC5: 8 | AD5: =ROUND((AB5*2+AC5*3)/5,1) | AI5: =IFERROR(ROUND((AVERAGE(AE5:AF5)*2+AVERAGE(AG5:AH5))/3,1),"") | AK5: =IFERROR(ROUND((AI5*2+AJ5*3)/5,1),"") | AL5: 7 | AM5: 6 | AN5: =ROUND(AVERAGE(AL5:AM5),1) | AO5: =ROUND((AVERAGE(AD5,AK5)+AN5*2)/3,1) | AP5: 6 | AR5: 7 | AT5: =ROUND((AVERAGE(AP5:AQ5)*2+AVERAGE(AR5:AS5))/3,1) | AU5: 8 | AV5: =ROUND((AT5*2+AU5*3)/5,1) | BA5: =IFERROR(ROUND((AVERAGE(AW5:AX5)*2+AVERAGE(AY5:AZ5))/3,1),"") | BC5: =IFERROR(ROUND((BA5*2+BB5*3)/5,1),"") | BD5: 7 | BE5: 6 | BF5: =ROUND(AVERAGE(BD5:BE5),1) | BG5: =ROUND((AVERAGE(AV5,BC5)+BF5*2)/3,1) | BH5: =IFERROR(ROUND(AVERAGE(BG5,AO5,W5),1),"") | BI5: =IF(BH5>=9,"Xuất sắc",IF(BH5>=8,"Giỏi",IF(BH5>=7,"Khá",IF(BH5>=6,"Trung bình - Khá",IF(BH5>=5,"Trung bình","Không đạt"))))) | BJ5: =IF(AND(ISNUMBER(BH5), BH5>=5), "x", "")
A6: =IF('Thông tin HV'!A6="","",'Thông tin HV'!A6) | B6: =IF('Thông tin HV'!B6="","",'Thông tin HV'!B6) | C6: =IF('Thông tin HV'!C6="","",'Thông tin HV'!C6) | F6: 6 | H6: 6 | J6: =ROUND((AVERAGE(F6:G6)*2+AVERAGE(H6:I6))/3,1) | K6: 8 | L6: =ROUND((J6*2+K6*3)/5,1) | Q6: =IFERROR(ROUND((AVERAGE(M6:N6)*2+AVERAGE(O6:P6))/3,1),"") | S6: =IFERROR(ROUND((Q6*2+R6*3)/5,1),"") | T6: 7 | U6: 7 | V6: =ROUND(AVERAGE(T6:U6),1) | W6: =ROUND((AVERAGE(L6,S6)+V6*2)/3,1) | X6: 6 | Z6: 6 | AB6: =ROUND((AVERAGE(X6:Y6)*2+AVERAGE(Z6:AA6))/3,1) | AC6: 8 | AD6: =ROUND((AB6*2+AC6*3)/5,1) | AI6: =IFERROR(ROUND((AVERAGE(AE6:AF6)*2+AVERAGE(AG6:AH6))/3,1),"") | AK6: =IFERROR(ROUND((AI6*2+AJ6*3)/5,1),"") | AL6: 7 | AM6: 7 | AN6: =ROUND(AVERAGE(AL6:AM6),1) | AO6: =ROUND((AVERAGE(AD6,AK6)+AN6*2)/3,1) | AP6: 6 | AR6: 6 | AT6: =ROUND((AVERAGE(AP6:AQ6)*2+AVERAGE(AR6:AS6))/3,1) | AU6: 8 | AV6: =ROUND((AT6*2+AU6*3)/5,1) | BA6: =IFERROR(ROUND((AVERAGE(AW6:AX6)*2+AVERAGE(AY6:AZ6))/3,1),"") | BC6: =IFERROR(ROUND((BA6*2+BB6*3)/5,1),"") | BD6: 7 | BE6: 7 | BF6: =ROUND(AVERAGE(BD6:BE6),1) | BG6: =ROUND((AVERAGE(AV6,BC6)+BF6*2)/3,1) | BH6: =IFERROR(ROUND(AVERAGE(BG6,AO6,W6),1),"") | BI6: =IF(BH6>=9,"Xuất sắc",IF(BH6>=8,"Giỏi",IF(BH6>=7,"Khá",IF(BH6>=6,"Trung bình - Khá",IF(BH6>=5,"Trung bình","Không đạt"))))) | BJ6: =IF(AND(ISNUMBER(BH6), BH6>=5), "x", "")
A7: =IF('Thông tin HV'!A7="","",'Thông tin HV'!A7) | B7: =IF('Thông tin HV'!B7="","",'Thông tin HV'!B7) | C7: =IF('Thông tin HV'!C7="","",'Thông tin HV'!C7) | F7: 7 | H7: 6 | J7: =ROUND((AVERAGE(F7:G7)*2+AVERAGE(H7:I7))/3,1) | K7: 9 | L7: =ROUND((J7*2+K7*3)/5,1) | Q7: =IFERROR(ROUND((AVERAGE(M7:N7)*2+AVERAGE(O7:P7))/3,1),"") | S7: =IFERROR(ROUND((Q7*2+R7*3)/5,1),"") | T7: 6 | U7: 6 | V7: =ROUND(AVERAGE(T7:U7),1) | W7: =ROUND((AVERAGE(L7,S7)+V7*2)/3,1) | X7: 7 | Z7: 6 | AB7: =ROUND((AVERAGE(X7:Y7)*2+AVERAGE(Z7:AA7))/3,1) | AC7: 9 | AD7: =ROUND((AB7*2+AC7*3)/5,1) | AI7: =IFERROR(ROUND((AVERAGE(AE7:AF7)*2+AVERAGE(AG7:AH7))/3,1),"") | AK7: =IFERROR(ROUND((AI7*2+AJ7*3)/5,1),"") | AL7: 6 | AM7: 6 | AN7: =ROUND(AVERAGE(AL7:AM7),1) | AO7: =ROUND((AVERAGE(AD7,AK7)+AN7*2)/3,1) | AP7: 7 | AR7: 6 | AT7: =ROUND((AVERAGE(AP7:AQ7)*2+AVERAGE(AR7:AS7))/3,1) | AU7: 9 | AV7: =ROUND((AT7*2+AU7*3)/5,1) | BA7: =IFERROR(ROUND((AVERAGE(AW7:AX7)*2+AVERAGE(AY7:AZ7))/3,1),"") | BC7: =IFERROR(ROUND((BA7*2+BB7*3)/5,1),"") | BD7: 6 | BE7: 6 | BF7: =ROUND(AVERAGE(BD7:BE7),1) | BG7: =ROUND((AVERAGE(AV7,BC7)+BF7*2)/3,1) | BH7: =IFERROR(ROUND(AVERAGE(BG7,AO7,W7),1),"") | BI7: =IF(BH7>=9,"Xuất sắc",IF(BH7>=8,"Giỏi",IF(BH7>=7,"Khá",IF(BH7>=6,"Trung bình - Khá",IF(BH7>=5,"Trung bình","Không đạt"))))) | BJ7: =IF(AND(ISNUMBER(BH7), BH7>=5), "x", "")
A8: =IF('Thông tin HV'!A8="","",'Thông tin HV'!A8) | B8: =IF('Thông tin HV'!B8="","",'Thông tin HV'!B8) | C8: =IF('Thông tin HV'!C8="","",'Thông tin HV'!C8) | F8: 8 | H8: 7 | J8: =ROUND((AVERAGE(F8:G8)*2+AVERAGE(H8:I8))/3,1) | K8: 7 | L8: =ROUND((J8*2+K8*3)/5,1) | Q8: =IFERROR(ROUND((AVERAGE(M8:N8)*2+AVERAGE(O8:P8))/3,1),"") | S8: =IFERROR(ROUND((Q8*2+R8*3)/5,1),"") | T8: 9 | U8: 9 | V8: =ROUND(AVERAGE(T8:U8),1) | W8: =ROUND((AVERAGE(L8,S8)+V8*2)/3,1) | X8: 8 | Z8: 7 | AB8: =ROUND((AVERAGE(X8:Y8)*2+AVERAGE(Z8:AA8))/3,1) | AC8: 7 | AD8: =ROUND((AB8*2+AC8*3)/5,1) | AI8: =IFERROR(ROUND((AVERAGE(AE8:AF8)*2+AVERAGE(AG8:AH8))/3,1),"") | AK8: =IFERROR(ROUND((AI8*2+AJ8*3)/5,1),"") | AL8: 9 | AM8: 9 | AN8: =ROUND(AVERAGE(AL8:AM8),1) | AO8: =ROUND((AVERAGE(AD8,AK8)+AN8*2)/3,1) | AP8: 8 | AR8: 7 | AT8: =ROUND((AVERAGE(AP8:AQ8)*2+AVERAGE(AR8:AS8))/3,1) | AU8: 7 | AV8: =ROUND((AT8*2+AU8*3)/5,1) | BA8: =IFERROR(ROUND((AVERAGE(AW8:AX8)*2+AVERAGE(AY8:AZ8))/3,1),"") | BC8: =IFERROR(ROUND((BA8*2+BB8*3)/5,1),"") | BD8: 9 | BE8: 9 | BF8: =ROUND(AVERAGE(BD8:BE8),1) | BG8: =ROUND((AVERAGE(AV8,BC8)+BF8*2)/3,1) | BH8: =IFERROR(ROUND(AVERAGE(BG8,AO8,W8),1),"") | BI8: =IF(BH8>=9,"Xuất sắc",IF(BH8>=8,"Giỏi",IF(BH8>=7,"Khá",IF(BH8>=6,"Trung bình - Khá",IF(BH8>=5,"Trung bình","Không đạt"))))) | BJ8: =IF(AND(ISNUMBER(BH8), BH8>=5), "x", "")
A9: =IF('Thông tin HV'!A9="","",'Thông tin HV'!A9) | B9: =IF('Thông tin HV'!B9="","",'Thông tin HV'!B9) | C9: =IF('Thông tin HV'!C9="","",'Thông tin HV'!C9) | F9: 7 | H9: 7 | J9: =ROUND((AVERAGE(F9:G9)*2+AVERAGE(H9:I9))/3,1) | K9: 9 | L9: =ROUND((J9*2+K9*3)/5,1) | Q9: =IFERROR(ROUND((AVERAGE(M9:N9)*2+AVERAGE(O9:P9))/3,1),"") | S9: =IFERROR(ROUND((Q9*2+R9*3)/5,1),"") | T9: 6 | U9: 7 | V9: =ROUND(AVERAGE(T9:U9),1) | W9: =ROUND((AVERAGE(L9,S9)+V9*2)/3,1) | X9: 7 | Z9: 7 | AB9: =ROUND((AVERAGE(X9:Y9)*2+AVERAGE(Z9:AA9))/3,1) | AC9: 9 | AD9: =ROUND((AB9*2+AC9*3)/5,1) | AI9: =IFERROR(ROUND((AVERAGE(AE9:AF9)*2+AVERAGE(AG9:AH9))/3,1),"") | AK9: =IFERROR(ROUND((AI9*2+AJ9*3)/5,1),"") | AL9: 6 | AM9: 7 | AN9: =ROUND(AVERAGE(AL9:AM9),1) | AO9: =ROUND((AVERAGE(AD9,AK9)+AN9*2)/3,1) | AP9: 7 | AR9: 7 | AT9: =ROUND((AVERAGE(AP9:AQ9)*2+AVERAGE(AR9:AS9))/3,1) | AU9: 9 | AV9: =ROUND((AT9*2+AU9*3)/5,1) | BA9: =IFERROR(ROUND((AVERAGE(AW9:AX9)*2+AVERAGE(AY9:AZ9))/3,1),"") | BC9: =IFERROR(ROUND((BA9*2+BB9*3)/5,1),"") | BD9: 6 | BE9: 7 | BF9: =ROUND(AVERAGE(BD9:BE9),1) | BG9: =ROUND((AVERAGE(AV9,BC9)+BF9*2)/3,1) | BH9: =IFERROR(ROUND(AVERAGE(BG9,AO9,W9),1),"") | BI9: =IF(BH9>=9,"Xuất sắc",IF(BH9>=8,"Giỏi",IF(BH9>=7,"Khá",IF(BH9>=6,"Trung bình - Khá",IF(BH9>=5,"Trung bình","Không đạt"))))) | BJ9: =IF(AND(ISNUMBER(BH9), BH9>=5), "x", "")
A10: =IF('Thông tin HV'!A10="","",'Thông tin HV'!A10) | B10: =IF('Thông tin HV'!B10="","",'Thông tin HV'!B10) | C10: =IF('Thông tin HV'!C10="","",'Thông tin HV'!C10) | F10: 6 | H10: 7 | J10: =ROUND((AVERAGE(F10:G10)*2+AVERAGE(H10:I10))/3,1) | K10: 8 | L10: =ROUND((J10*2+K10*3)/5,1) | Q10: =IFERROR(ROUND((AVERAGE(M10:N10)*2+AVERAGE(O10:P10))/3,1),"") | S10: =IFERROR(ROUND((Q10*2+R10*3)/5,1),"") | T10: 7 | U10: 6 | V10: =ROUND(AVERAGE(T10:U10),1) | W10: =ROUND((AVERAGE(L10,S10)+V10*2)/3,1) | X10: 6 | Z10: 7 | AB10: =ROUND((AVERAGE(X10:Y10)*2+AVERAGE(Z10:AA10))/3,1) | AC10: 8 | AD10: =ROUND((AB10*2+AC10*3)/5,1) | AI10: =IFERROR(ROUND((AVERAGE(AE10:AF10)*2+AVERAGE(AG10:AH10))/3,1),"") | AK10: =IFERROR(ROUND((AI10*2+AJ10*3)/5,1),"") | AL10: 7 | AM10: 6 | AN10: =ROUND(AVERAGE(AL10:AM10),1) | AO10: =ROUND((AVERAGE(AD10,AK10)+AN10*2)/3,1) | AP10: 6 | AR10: 7 | AT10: =ROUND((AVERAGE(AP10:AQ10)*2+AVERAGE(AR10:AS10))/3,1) | AU10: 8 | AV10: =ROUND((AT10*2+AU10*3)/5,1) | BA10: =IFERROR(ROUND((AVERAGE(AW10:AX10)*2+AVERAGE(AY10:AZ10))/3,1),"") | BC10: =IFERROR(ROUND((BA10*2+BB10*3)/5,1),"") | BD10: 7 | BE10: 6 | BF10: =ROUND(AVERAGE(BD10:BE10),1) | BG10: =ROUND((AVERAGE(AV10,BC10)+BF10*2)/3,1) | BH10: =IFERROR(ROUND(AVERAGE(BG10,AO10,W10),1),"") | BI10: =IF(BH10>=9,"Xuất sắc",IF(BH10>=8,"Giỏi",IF(BH10>=7,"Khá",IF(BH10>=6,"Trung bình - Khá",IF(BH10>=5,"Trung bình","Không đạt"))))) | BJ10: =IF(AND(ISNUMBER(BH10), BH10>=5), "x", "")
A11: =IF('Thông tin HV'!A11="","",'Thông tin HV'!A11) | B11: =IF('Thông tin HV'!B11="","",'Thông tin HV'!B11) | C11: =IF('Thông tin HV'!C11="","",'Thông tin HV'!C11) | F11: 6 | H11: 6 | J11: =ROUND((AVERAGE(F11:G11)*2+AVERAGE(H11:I11))/3,1) | K11: 7 | L11: =ROUND((J11*2+K11*3)/5,1) | Q11: =IFERROR(ROUND((AVERAGE(M11:N11)*2+AVERAGE(O11:P11))/3,1),"") | S11: =IFERROR(ROUND((Q11*2+R11*3)/5,1),"") | T11: 7 | U11: 7 | V11: =ROUND(AVERAGE(T11:U11),1) | W11: =ROUND((AVERAGE(L11,S11)+V11*2)/3,1) | X11: 6 | Z11: 6 | AB11: =ROUND((AVERAGE(X11:Y11)*2+AVERAGE(Z11:AA11))/3,1) | AC11: 7 | AD11: =ROUND((AB11*2+AC11*3)/5,1) | AI11: =IFERROR(ROUND((AVERAGE(AE11:AF11)*2+AVERAGE(AG11:AH11))/3,1),"") | AK11: =IFERROR(ROUND((AI11*2+AJ11*3)/5,1),"") | AL11: 7 | AM11: 7 | AN11: =ROUND(AVERAGE(AL11:AM11),1) | AO11: =ROUND((AVERAGE(AD11,AK11)+AN11*2)/3,1) | AP11: 6 | AR11: 6 | AT11: =ROUND((AVERAGE(AP11:AQ11)*2+AVERAGE(AR11:AS11))/3,1) | AU11: 7 | AV11: =ROUND((AT11*2+AU11*3)/5,1) | BA11: =IFERROR(ROUND((AVERAGE(AW11:AX11)*2+AVERAGE(AY11:AZ11))/3,1),"") | BC11: =IFERROR(ROUND((BA11*2+BB11*3)/5,1),"") | BD11: 7 | BE11: 7 | BF11: =ROUND(AVERAGE(BD11:BE11),1) | BG11: =ROUND((AVERAGE(AV11,BC11)+BF11*2)/3,1) | BH11: =IFERROR(ROUND(AVERAGE(BG11,AO11,W11),1),"") | BI11: =IF(BH11>=9,"Xuất sắc",IF(BH11>=8,"Giỏi",IF(BH11>=7,"Khá",IF(BH11>=6,"Trung bình - Khá",IF(BH11>=5,"Trung bình","Không đạt"))))) | BJ11: =IF(AND(ISNUMBER(BH11), BH11>=5), "x", "")
A12: =IF('Thông tin HV'!A12="","",'Thông tin HV'!A12) | B12: =IF('Thông tin HV'!B12="","",'Thông tin HV'!B12) | C12: =IF('Thông tin HV'!C12="","",'Thông tin HV'!C12) | F12: 7 | H12: 6 | J12: =ROUND((AVERAGE(F12:G12)*2+AVERAGE(H12:I12))/3,1) | K12: 5 | L12: =ROUND((J12*2+K12*3)/5,1) | Q12: =IFERROR(ROUND((AVERAGE(M12:N12)*2+AVERAGE(O12:P12))/3,1),"") | S12: =IFERROR(ROUND((Q12*2+R12*3)/5,1),"") | T12: 7 | U12: 7 | V12: =ROUND(AVERAGE(T12:U12),1) | W12: =ROUND((AVERAGE(L12,S12)+V12*2)/3,1) | X12: 7 | Z12: 6 | AB12: =ROUND((AVERAGE(X12:Y12)*2+AVERAGE(Z12:AA12))/3,1) | AC12: 5 | AD12: =ROUND((AB12*2+AC12*3)/5,1) | AI12: =IFERROR(ROUND((AVERAGE(AE12:AF12)*2+AVERAGE(AG12:AH12))/3,1),"") | AK12: =IFERROR(ROUND((AI12*2+AJ12*3)/5,1),"") | AL12: 7 | AM12: 7 | AN12: =ROUND(AVERAGE(AL12:AM12),1) | AO12: =ROUND((AVERAGE(AD12,AK12)+AN12*2)/3,1) | AP12: 7 | AR12: 6 | AT12: =ROUND((AVERAGE(AP12:AQ12)*2+AVERAGE(AR12:AS12))/3,1) | AU12: 5 | AV12: =ROUND((AT12*2+AU12*3)/5,1) | BA12: =IFERROR(ROUND((AVERAGE(AW12:AX12)*2+AVERAGE(AY12:AZ12))/3,1),"") | BC12: =IFERROR(ROUND((BA12*2+BB12*3)/5,1),"") | BD12: 7 | BE12: 7 | BF12: =ROUND(AVERAGE(BD12:BE12),1) | BG12: =ROUND((AVERAGE(AV12,BC12)+BF12*2)/3,1) | BH12: =IFERROR(ROUND(AVERAGE(BG12,AO12,W12),1),"") | BI12: =IF(BH12>=9,"Xuất sắc",IF(BH12>=8,"Giỏi",IF(BH12>=7,"Khá",IF(BH12>=6,"Trung bình - Khá",IF(BH12>=5,"Trung bình","Không đạt"))))) | BJ12: =IF(AND(ISNUMBER(BH12), BH12>=5), "x", "")
A13: =IF('Thông tin HV'!A13="","",'Thông tin HV'!A13) | B13: =IF('Thông tin HV'!B13="","",'Thông tin HV'!B13) | C13: =IF('Thông tin HV'!C13="","",'Thông tin HV'!C13) | F13: 5 | H13: 5 | J13: =ROUND((AVERAGE(F13:G13)*2+AVERAGE(H13:I13))/3,1) | K13: 7 | L13: =ROUND((J13*2+K13*3)/5,1) | Q13: =IFERROR(ROUND((AVERAGE(M13:N13)*2+AVERAGE(O13:P13))/3,1),"") | S13: =IFERROR(ROUND((Q13*2+R13*3)/5,1),"") | T13: 6 | U13: 7 | V13: =ROUND(AVERAGE(T13:U13),1) | W13: =ROUND((AVERAGE(L13,S13)+V13*2)/3,1) | X13: 5 | Z13: 5 | AB13: =ROUND((AVERAGE(X13:Y13)*2+AVERAGE(Z13:AA13))/3,1) | AC13: 7 | AD13: =ROUND((AB13*2+AC13*3)/5,1) | AI13: =IFERROR(ROUND((AVERAGE(AE13:AF13)*2+AVERAGE(AG13:AH13))/3,1),"") | AK13: =IFERROR(ROUND((AI13*2+AJ13*3)/5,1),"") | AL13: 6 | AM13: 7 | AN13: =ROUND(AVERAGE(AL13:AM13),1) | AO13: =ROUND((AVERAGE(AD13,AK13)+AN13*2)/3,1) | AP13: 5 | AR13: 5 | AT13: =ROUND((AVERAGE(AP13:AQ13)*2+AVERAGE(AR13:AS13))/3,1) | AU13: 7 | AV13: =ROUND((AT13*2+AU13*3)/5,1) | BA13: =IFERROR(ROUND((AVERAGE(AW13:AX13)*2+AVERAGE(AY13:AZ13))/3,1),"") | BC13: =IFERROR(ROUND((BA13*2+BB13*3)/5,1),"") | BD13: 6 | BE13: 7 | BF13: =ROUND(AVERAGE(BD13:BE13),1) | BG13: =ROUND((AVERAGE(AV13,BC13)+BF13*2)/3,1) | BH13: =IFERROR(ROUND(AVERAGE(BG13,AO13,W13),1),"") | BI13: =IF(BH13>=9,"Xuất sắc",IF(BH13>=8,"Giỏi",IF(BH13>=7,"Khá",IF(BH13>=6,"Trung bình - Khá",IF(BH13>=5,"Trung bình","Không đạt"))))) | BJ13: =IF(AND(ISNUMBER(BH13), BH13>=5), "x", "")
A14: =IF('Thông tin HV'!A14="","",'Thông tin HV'!A14) | B14: =IF('Thông tin HV'!B14="","",'Thông tin HV'!B14) | C14: =IF('Thông tin HV'!C14="","",'Thông tin HV'!C14) | F14: 6 | H14: 6 | J14: =ROUND((AVERAGE(F14:G14)*2+AVERAGE(H14:I14))/3,1) | K14: 9 | L14: =ROUND((J14*2+K14*3)/5,1) | Q14: =IFERROR(ROUND((AVERAGE(M14:N14)*2+AVERAGE(O14:P14))/3,1),"") | S14: =IFERROR(ROUND((Q14*2+R14*3)/5,1),"") | T14: 6 | U14: 6 | V14: =ROUND(AVERAGE(T14:U14),1) | W14: =ROUND((AVERAGE(L14,S14)+V14*2)/3,1) | X14: 6 | Z14: 6 | AB14: =ROUND((AVERAGE(X14:Y14)*2+AVERAGE(Z14:AA14))/3,1) | AC14: 9 | AD14: =ROUND((AB14*2+AC14*3)/5,1) | AI14: =IFERROR(ROUND((AVERAGE(AE14:AF14)*2+AVERAGE(AG14:AH14))/3,1),"") | AK14: =IFERROR(ROUND((AI14*2+AJ14*3)/5,1),"") | AL14: 6 | AM14: 6 | AN14: =ROUND(AVERAGE(AL14:AM14),1) | AO14: =ROUND((AVERAGE(AD14,AK14)+AN14*2)/3,1) | AP14: 6 | AR14: 6 | AT14: =ROUND((AVERAGE(AP14:AQ14)*2+AVERAGE(AR14:AS14))/3,1) | AU14: 9 | AV14: =ROUND((AT14*2+AU14*3)/5,1) | BA14: =IFERROR(ROUND((AVERAGE(AW14:AX14)*2+AVERAGE(AY14:AZ14))/3,1),"") | BC14: =IFERROR(ROUND((BA14*2+BB14*3)/5,1),"") | BD14: 6 | BE14: 6 | BF14: =ROUND(AVERAGE(BD14:BE14),1) | BG14: =ROUND((AVERAGE(AV14,BC14)+BF14*2)/3,1) | BH14: =IFERROR(ROUND(AVERAGE(BG14,AO14,W14),1),"") | BI14: =IF(BH14>=9,"Xuất sắc",IF(BH14>=8,"Giỏi",IF(BH14>=7,"Khá",IF(BH14>=6,"Trung bình - Khá",IF(BH14>=5,"Trung bình","Không đạt"))))) | BJ14: =IF(AND(ISNUMBER(BH14), BH14>=5), "x", "")
A15: =IF('Thông tin HV'!A15="","",'Thông tin HV'!A15) | B15: =IF('Thông tin HV'!B15="","",'Thông tin HV'!B15) | C15: =IF('Thông tin HV'!C15="","",'Thông tin HV'!C15) | F15: 7 | H15: 6 | J15: =ROUND((AVERAGE(F15:G15)*2+AVERAGE(H15:I15))/3,1) | K15: 7 | L15: =ROUND((J15*2+K15*3)/5,1) | Q15: =IFERROR(ROUND((AVERAGE(M15:N15)*2+AVERAGE(O15:P15))/3,1),"") | S15: =IFERROR(ROUND((Q15*2+R15*3)/5,1),"") | T15: 7 | U15: 6 | V15: =ROUND(AVERAGE(T15:U15),1) | W15: =ROUND((AVERAGE(L15,S15)+V15*2)/3,1) | X15: 7 | Z15: 6 | AB15: =ROUND((AVERAGE(X15:Y15)*2+AVERAGE(Z15:AA15))/3,1) | AC15: 7 | AD15: =ROUND((AB15*2+AC15*3)/5,1) | AI15: =IFERROR(ROUND((AVERAGE(AE15:AF15)*2+AVERAGE(AG15:AH15))/3,1),"") | AK15: =IFERROR(ROUND((AI15*2+AJ15*3)/5,1),"") | AL15: 7 | AM15: 6 | AN15: =ROUND(AVERAGE(AL15:AM15),1) | AO15: =ROUND((AVERAGE(AD15,AK15)+AN15*2)/3,1) | AP15: 7 | AR15: 6 | AT15: =ROUND((AVERAGE(AP15:AQ15)*2+AVERAGE(AR15:AS15))/3,1) | AU15: 7 | AV15: =ROUND((AT15*2+AU15*3)/5,1) | BA15: =IFERROR(ROUND((AVERAGE(AW15:AX15)*2+AVERAGE(AY15:AZ15))/3,1),"") | BC15: =IFERROR(ROUND((BA15*2+BB15*3)/5,1),"") | BD15: 7 | BE15: 6 | BF15: =ROUND(AVERAGE(BD15:BE15),1) | BG15: =ROUND((AVERAGE(AV15,BC15)+BF15*2)/3,1) | BH15: =IFERROR(ROUND(AVERAGE(BG15,AO15,W15),1),"") | BI15: =IF(BH15>=9,"Xuất sắc",IF(BH15>=8,"Giỏi",IF(BH15>=7,"Khá",IF(BH15>=6,"Trung bình - Khá",IF(BH15>=5,"Trung bình","Không đạt"))))) | BJ15: =IF(AND(ISNUMBER(BH15), BH15>=5), "x", "")
A16: =IF('Thông tin HV'!A16="","",'Thông tin HV'!A16) | B16: =IF('Thông tin HV'!B16="","",'Thông tin HV'!B16) | C16: =IF('Thông tin HV'!C16="","",'Thông tin HV'!C16) | F16: 6 | H16: 7 | J16: =ROUND((AVERAGE(F16:G16)*2+AVERAGE(H16:I16))/3,1) | K16: 6 | L16: =ROUND((J16*2+K16*3)/5,1) | Q16: =IFERROR(ROUND((AVERAGE(M16:N16)*2+AVERAGE(O16:P16))/3,1),"") | S16: =IFERROR(ROUND((Q16*2+R16*3)/5,1),"") | T16: 7 | U16: 7 | V16: =ROUND(AVERAGE(T16:U16),1) | W16: =ROUND((AVERAGE(L16,S16)+V16*2)/3,1) | X16: 6 | Z16: 7 | AB16: =ROUND((AVERAGE(X16:Y16)*2+AVERAGE(Z16:AA16))/3,1) | AC16: 6 | AD16: =ROUND((AB16*2+AC16*3)/5,1) | AI16: =IFERROR(ROUND((AVERAGE(AE16:AF16)*2+AVERAGE(AG16:AH16))/3,1),"") | AK16: =IFERROR(ROUND((AI16*2+AJ16*3)/5,1),"") | AL16: 7 | AM16: 7 | AN16: =ROUND(AVERAGE(AL16:AM16),1) | AO16: =ROUND((AVERAGE(AD16,AK16)+AN16*2)/3,1) | AP16: 6 | AR16: 7 | AT16: =ROUND((AVERAGE(AP16:AQ16)*2+AVERAGE(AR16:AS16))/3,1) | AU16: 6 | AV16: =ROUND((AT16*2+AU16*3)/5,1) | BA16: =IFERROR(ROUND((AVERAGE(AW16:AX16)*2+AVERAGE(AY16:AZ16))/3,1),"") | BC16: =IFERROR(ROUND((BA16*2+BB16*3)/5,1),"") | BD16: 7 | BE16: 7 | BF16: =ROUND(AVERAGE(BD16:BE16),1) | BG16: =ROUND((AVERAGE(AV16,BC16)+BF16*2)/3,1) | BH16: =IFERROR(ROUND(AVERAGE(BG16,AO16,W16),1),"") | BI16: =IF(BH16>=9,"Xuất sắc",IF(BH16>=8,"Giỏi",IF(BH16>=7,"Khá",IF(BH16>=6,"Trung bình - Khá",IF(BH16>=5,"Trung bình","Không đạt"))))) | BJ16: =IF(AND(ISNUMBER(BH16), BH16>=5), "x", "")
... A38: =IF('Thông tin HV'!A38="","",'Thông tin HV'!A38) | B38: =IF('Thông tin HV'!B38="","",'Thông tin HV'!B38) | C38: =IF('Thông tin HV'!C38="","",'Thông tin HV'!C38) | F38: 6 | H38: 7 | J38: =ROUND((AVERAGE(F38:G38)*2+AVERAGE(H38:I38))/3,1) | K38: 6 | L38: =ROUND((J38*2+K38*3)/5,1) | Q38: =IFERROR(ROUND((AVERAGE(M38:N38)*2+AVERAGE(O38:P38))/3,1),"") | S38: =IFERROR(ROUND((Q38*2+R38*3)/5,1),"") | T38: 6 | U38: 6 | V38: =ROUND(AVERAGE(T38:U38),1) | W38: =ROUND((AVERAGE(L38,S38)+V38*2)/3,1) | X38: 6 | Z38: 7 | AB38: =ROUND((AVERAGE(X38:Y38)*2+AVERAGE(Z38:AA38))/3,1) | AC38: 6 | AD38: =ROUND((AB38*2+AC38*3)/5,1) | AI38: =IFERROR(ROUND((AVERAGE(AE38:AF38)*2+AVERAGE(AG38:AH38))/3,1),"") | AK38: =IFERROR(ROUND((AI38*2+AJ38*3)/5,1),"") | AL38: 6 | AM38: 6 | AN38: =ROUND(AVERAGE(AL38:AM38),1) | AO38: =ROUND((AVERAGE(AD38,AK38)+AN38*2)/3,1) | AP38: 6 | AR38: 7 | AT38: =ROUND((AVERAGE(AP38:AQ38)*2+AVERAGE(AR38:AS38))/3,1) | AU38: 6 | AV38: =ROUND((AT38*2+AU38*3)/5,1) | BA38: =IFERROR(ROUND((AVERAGE(AW38:AX38)*2+AVERAGE(AY38:AZ38))/3,1),"") | BC38: =IFERROR(ROUND((BA38*2+BB38*3)/5,1),"") | BD38: 6 | BE38: 6 | BF38: =ROUND(AVERAGE(BD38:BE38),1) | BG38: =ROUND((AVERAGE(AV38,BC38)+BF38*2)/3,1) | BH38: =IFERROR(ROUND(AVERAGE(BG38,AO38,W38),1),"") | BI38: =IF(BH38>=9,"Xuất sắc",IF(BH38>=8,"Giỏi",IF(BH38>=7,"Khá",IF(BH38>=6,"Trung bình - Khá",IF(BH38>=5,"Trung bình","Không đạt"))))) | BJ38: =IF(AND(ISNUMBER(BH38), BH38>=5), "x", "")
A39: =IF('Thông tin HV'!A39="","",'Thông tin HV'!A39) | B39: =IF('Thông tin HV'!B39="","",'Thông tin HV'!B39) | C39: =IF('Thông tin HV'!C39="","",'Thông tin HV'!C39) | BJ39: =IF(AND(ISNUMBER(BH39), BH39>=5), "x", "")
A40: =IF('Thông tin HV'!A40="","",'Thông tin HV'!A40) | B40: =IF('Thông tin HV'!B40="","",'Thông tin HV'!B40) | C40: =IF('Thông tin HV'!C40="","",'Thông tin HV'!C40) | BJ40: =IF(AND(ISNUMBER(BH40), BH40>=5), "x", "")
A41: =IF('Thông tin HV'!A41="","",'Thông tin HV'!A41) | B41: =IF('Thông tin HV'!B41="","",'Thông tin HV'!B41) | C41: =IF('Thông tin HV'!C41="","",'Thông tin HV'!C41) | BJ41: =IF(AND(ISNUMBER(BH41), BH41>=5), "x", "")
A42: =IF('Thông tin HV'!A42="","",'Thông tin HV'!A42) | B42: =IF('Thông tin HV'!B42="","",'Thông tin HV'!B42) | C42: =IF('Thông tin HV'!C42="","",'Thông tin HV'!C42) | BJ42: =IF(AND(ISNUMBER(BH42), BH42>=5), "x", "")
A43: =IF('Thông tin HV'!A43="","",'Thông tin HV'!A43) | B43: =IF('Thông tin HV'!B43="","",'Thông tin HV'!B43) | C43: =IF('Thông tin HV'!C43="","",'Thông tin HV'!C43) | BJ43: =IF(AND(ISNUMBER(BH43), BH43>=5), "x", "")
A44: =IF('Thông tin HV'!A44="","",'Thông tin HV'!A44) | B44: =IF('Thông tin HV'!B44="","",'Thông tin HV'!B44) | C44: =IF('Thông tin HV'!C44="","",'Thông tin HV'!C44) | BJ44: =IF(AND(ISNUMBER(BH44), BH44>=5), "x", "")
A45: =IF('Thông tin HV'!A45="","",'Thông tin HV'!A45) | B45: =IF('Thông tin HV'!B45="","",'Thông tin HV'!B45) | C45: =IF('Thông tin HV'!C45="","",'Thông tin HV'!C45) | BJ45: =IF(AND(ISNUMBER(BH45), BH45>=5), "x", "")
A46: =IF('Thông tin HV'!A46="","",'Thông tin HV'!A46) | B46: =IF('Thông tin HV'!B46="","",'Thông tin HV'!B46) | C46: =IF('Thông tin HV'!C46="","",'Thông tin HV'!C46) | BJ46: =IF(AND(ISNUMBER(BH46), BH46>=5), "x", "")
A47: =IF('Thông tin HV'!A47="","",'Thông tin HV'!A47) | B47: =IF('Thông tin HV'!B47="","",'Thông tin HV'!B47) | C47: =IF('Thông tin HV'!C47="","",'Thông tin HV'!C47) | BJ47: =IF(AND(ISNUMBER(BH47), BH47>=5), "x", "")
A48: =IF('Thông tin HV'!A48="","",'Thông tin HV'!A48) | B48: =IF('Thông tin HV'!B48="","",'Thông tin HV'!B48) | C48: =IF('Thông tin HV'!C48="","",'Thông tin HV'!C48) | BJ48: =IF(AND(ISNUMBER(BH48), BH48>=5), "x", "")
A49: =IF('Thông tin HV'!A49="","",'Thông tin HV'!A49) | B49: =IF('Thông tin HV'!B49="","",'Thông tin HV'!B49) | C49: =IF('Thông tin HV'!C49="","",'Thông tin HV'!C49) | BJ49: =IF(AND(ISNUMBER(BH49), BH49>=5), "x", "")
A50: =IF('Thông tin HV'!A50="","",'Thông tin HV'!A50) | B50: =IF('Thông tin HV'!B50="","",'Thông tin HV'!B50) | C50: =IF('Thông tin HV'!C50="","",'Thông tin HV'!C50) | BJ50: =IF(AND(ISNUMBER(BH50), BH50>=5), "x", "")
... A59: =IF('Thông tin HV'!A59="","",'Thông tin HV'!A59) | B59: =IF('Thông tin HV'!B59="","",'Thông tin HV'!B59) | C59: =IF('Thông tin HV'!C59="","",'Thông tin HV'!C59) | BJ59: =IF(AND(ISNUMBER(BH59), BH59>=5), "x", "")

Sheet Phiếu KQHT
A1: KẾT QUẢ HỌC TẬP
D2: Khóa | F2: Năm
D3: Tên nghề đào tạo
D4: Địa điểm đào tạo
A6: Số TT | B6: Mã học viên | C6: Họ và tên học viên | D6: Kết quả học tập mô đun 1 | E6: Kết quả học tập mô đun 2 | F6: Kết quả khóa học | G6: Số chứng chỉ đào tạo | I6: Ngày nhận chứng chỉ đào tạo | J6: Chữ ký của học viên
A7: 1 | B7: ='Thông tin HV'!B2 | C7: ='Thông tin HV'!C2 | F7: =VLOOKUP(B7,'[1]Tính điểm'!$B$4:$BI$38,57,0)
A8: 2 | B8: ='Thông tin HV'!B3 | C8: ='Thông tin HV'!C3 | F8: =VLOOKUP(B8,'[1]Tính điểm'!$B$4:$BI$38,57,0)
A9: 3 | B9: ='Thông tin HV'!B4 | C9: ='Thông tin HV'!C4 | F9: =VLOOKUP(B9,'[1]Tính điểm'!$B$4:$BI$38,57,0)
A10: 4 | B10: ='Thông tin HV'!B5 | C10: ='Thông tin HV'!C5 | F10: =VLOOKUP(B10,'[1]Tính điểm'!$B$4:$BI$38,57,0)
A11: 5 | B11: ='Thông tin HV'!B6 | C11: ='Thông tin HV'!C6 | F11: =VLOOKUP(B11,'[1]Tính điểm'!$B$4:$BI$38,57,0)
A12: 6 | B12: ='Thông tin HV'!B7 | C12: ='Thông tin HV'!C7 | F12: =VLOOKUP(B12,'[1]Tính điểm'!$B$4:$BI$38,57,0)
A13: 7 | B13: ='Thông tin HV'!B8 | C13: ='Thông tin HV'!C8 | F13: =VLOOKUP(B13,'[1]Tính điểm'!$B$4:$BI$38,57,0)
A14: 8 | B14: ='Thông tin HV'!B9 | C14: ='Thông tin HV'!C9 | F14: =VLOOKUP(B14,'[1]Tính điểm'!$B$4:$BI$38,57,0)
A15: 9 | B15: ='Thông tin HV'!B10 | C15: ='Thông tin HV'!C10 | F15: =VLOOKUP(B15,'[1]Tính điểm'!$B$4:$BI$38,57,0)
A16: 10 | B16: ='Thông tin HV'!B11 | C16: ='Thông tin HV'!C11 | F16: =VLOOKUP(B16,'[1]Tính điểm'!$B$4:$BI$38,57,0)
A17: 11 | B17: ='Thông tin HV'!B12 | C17: ='Thông tin HV'!C12 | F17: =VLOOKUP(B17,'[1]Tính điểm'!$B$4:$BI$38,57,0)
A18: 12 | B18: ='Thông tin HV'!B13 | C18: ='Thông tin HV'!C13 | F18: =VLOOKUP(B18,'[1]Tính điểm'!$B$4:$BI$38,57,0)
... A41: 35 | B41: ='Thông tin HV'!B36 | C41: ='Thông tin HV'!C36 | F41: =VLOOKUP(B41,'[1]Tính điểm'!$B$4:$BI$38,57,0)
F42: =VLOOKUP(B42,'[1]Tính điểm'!$B$4:$BI$38,57,0)
F43: =VLOOKUP(B43,'[1]Tính điểm'!$B$4:$BI$38,57,0)
F44: =VLOOKUP(B44,'[1]Tính điểm'!$B$4:$BI$38,57,0)

Sheet Công nhận tốt nghiệp
A1: SỞ GIÁO DỤC VÀ ĐÀO TẠO TỈNH QUẢNG NGÃI | F1: CỘNG HÒA XÃ HỘI CHỦ NGHĨA VIỆT NAM
A2: TRUNG TÂM GDNN-GDTX KHU VỰC ĐĂK HÀ | F2: Độc lập - Tự do - Hạnh phúc
A3: DANH SÁCH CÔNG NHẬN TỐT NGHIỆP
A4: ="Tham gia lớp Đào tạo Nghề: "&UPPER('KHÓA HỌC'!D5)&"; Khóa: "&'KHÓA HỌC'!D3&"; Năm "&'KHÓA HỌC'!D4
A5: ="(Kèm theo Quyết định số: /QĐ-GDNN-GDTX ngày tháng năm "&'THỐNG KÊ'!E5&" của Giám đốc Trung tâm GDNN-GDTX huyện ĐăkTô)"
A7: Số TT | B7: Họ và tên | D7: Ngày sinh | E7: Nguyên quán | F7: Nơi cư trú | G7: Điểm tổng kết khóa học | H7: Xếp loại tốt nghiệp | I7: Ghi chú | K7: Thống kê
A8: =IFERROR(AGGREGATE(15, 6, (ROW('Điểm KH'!$BJ$4:$BJ$60)-3)/('Điểm KH'!$BJ$4:$BJ$60="x"), ROWS($1:1)), "") | B8: =IF(A8="","", PROPER(TRIM(LEFT(TRIM(INDEX('Thông tin HV'!$C$4:$C$60, A8)),LEN(TRIM(INDEX('Thông tin HV'!$C$4:$C$60, A8)))-LEN(C8))))) | C8: =IF(A8="","", PROPER(TRIM(RIGHT(SUBSTITUTE(TRIM(INDEX('Thông tin HV'!$C$4:$C$60, A8))," ",REPT(" ",100)),100)))) | D8: =IF(A8="","", INDEX('Thông tin HV'!$D$4:$D$60, A8)) | E8: =IF(A8="","", INDEX('Thông tin HV'!$O$4:$O$60, A8)) | F8: =IF(A8="","", INDEX('Thông tin HV'!$P$4:$P$60, A8)) | G8: =IF(A8="","", INDEX('Điểm KH'!$BH$4:$BH$60, A8)) | H8: =IF(A8="","", INDEX('Điểm KH'!$BI$4:$BI$60, A8)) | K8: Kết quả cuối khóa học
A9: =IFERROR(AGGREGATE(15, 6, (ROW('Điểm KH'!$BJ$4:$BJ$60)-3)/('Điểm KH'!$BJ$4:$BJ$60="x"), ROWS($1:2)), "") | B9: =IF(A9="","", PROPER(TRIM(LEFT(TRIM(INDEX('Thông tin HV'!$C$4:$C$60, A9)),LEN(TRIM(INDEX('Thông tin HV'!$C$4:$C$60, A9)))-LEN(C9))))) | C9: =IF(A9="","", PROPER(TRIM(RIGHT(SUBSTITUTE(TRIM(INDEX('Thông tin HV'!$C$4:$C$60, A9))," ",REPT(" ",100)),100)))) | D9: =IF(A9="","", INDEX('Thông tin HV'!$D$4:$D$60, A9)) | E9: =IF(A9="","", INDEX('Thông tin HV'!$O$4:$O$60, A9)) | F9: =IF(A9="","", INDEX('Thông tin HV'!$P$4:$P$60, A9)) | G9: =IF(A9="","", INDEX('Điểm KH'!$BH$4:$BH$60, A9)) | H9: =IF(A9="","", INDEX('Điểm KH'!$BI$4:$BI$60, A9)) | K9: Xếp loại | L9: Số lượng | M9: %
A10: =IFERROR(AGGREGATE(15, 6, (ROW('Điểm KH'!$BJ$4:$BJ$60)-3)/('Điểm KH'!$BJ$4:$BJ$60="x"), ROWS($1:3)), "") | B10: =IF(A10="","", PROPER(TRIM(LEFT(TRIM(INDEX('Thông tin HV'!$C$4:$C$60, A10)),LEN(TRIM(INDEX('Thông tin HV'!$C$4:$C$60, A10)))-LEN(C10))))) | C10: =IF(A10="","", PROPER(TRIM(RIGHT(SUBSTITUTE(TRIM(INDEX('Thông tin HV'!$C$4:$C$60, A10))," ",REPT(" ",100)),100)))) | D10: =IF(A10="","", INDEX('Thông tin HV'!$D$4:$D$60, A10)) | E10: =IF(A10="","", INDEX('Thông tin HV'!$O$4:$O$60, A10)) | F10: =IF(A10="","", INDEX('Thông tin HV'!$P$4:$P$60, A10)) | G10: =IF(A10="","", INDEX('Điểm KH'!$BH$4:$BH$60, A10)) | H10: =IF(A10="","", INDEX('Điểm KH'!$BI$4:$BI$60, A10)) | K10: Xuất sắc | L10: =COUNTIF(H8:H38,"Xuất sắc") | M10: =L10/SUM($L$10:$L$14)
A11: =IFERROR(AGGREGATE(15, 6, (ROW('Điểm KH'!$BJ$4:$BJ$60)-3)/('Điểm KH'!$BJ$4:$BJ$60="x"), ROWS($1:4)), "") | B11: =IF(A11="","", PROPER(TRIM(LEFT(TRIM(INDEX('Thông tin HV'!$C$4:$C$60, A11)),LEN(TRIM(INDEX('Thông tin HV'!$C$4:$C$60, A11)))-LEN(C11))))) | C11: =IF(A11="","", PROPER(TRIM(RIGHT(SUBSTITUTE(TRIM(INDEX('Thông tin HV'!$C$4:$C$60, A11))," ",REPT(" ",100)),100)))) | D11: =IF(A11="","", INDEX('Thông tin HV'!$D$4:$D$60, A11)) | E11: =IF(A11="","", INDEX('Thông tin HV'!$O$4:$O$60, A11)) | F11: =IF(A11="","", INDEX('Thông tin HV'!$P$4:$P$60, A11)) | G11: =IF(A11="","", INDEX('Điểm KH'!$BH$4:$BH$60, A11)) | H11: =IF(A11="","", INDEX('Điểm KH'!$BI$4:$BI$60, A11)) | K11: Giỏi | L11: =COUNTIF(H8:H38,"Giỏi") | M11: =L11/SUM($L$10:$L$14)
A12: =IFERROR(AGGREGATE(15, 6, (ROW('Điểm KH'!$BJ$4:$BJ$60)-3)/('Điểm KH'!$BJ$4:$BJ$60="x"), ROWS($1:5)), "") | B12: =IF(A12="","", PROPER(TRIM(LEFT(TRIM(INDEX('Thông tin HV'!$C$4:$C$60, A12)),LEN(TRIM(INDEX('Thông tin HV'!$C$4:$C$60, A12)))-LEN(C12))))) | C12: =IF(A12="","", PROPER(TRIM(RIGHT(SUBSTITUTE(TRIM(INDEX('Thông tin HV'!$C$4:$C$60, A12))," ",REPT(" ",100)),100)))) | D12: =IF(A12="","", INDEX('Thông tin HV'!$D$4:$D$60, A12)) | E12: =IF(A12="","", INDEX('Thông tin HV'!$O$4:$O$60, A12)) | F12: =IF(A12="","", INDEX('Thông tin HV'!$P$4:$P$60, A12)) | G12: =IF(A12="","", INDEX('Điểm KH'!$BH$4:$BH$60, A12)) | H12: =IF(A12="","", INDEX('Điểm KH'!$BI$4:$BI$60, A12)) | K12: Khá | L12: =COUNTIF(H8:H38,"Khá") | M12: =L12/SUM($L$10:$L$14)
A13: =IFERROR(AGGREGATE(15, 6, (ROW('Điểm KH'!$BJ$4:$BJ$60)-3)/('Điểm KH'!$BJ$4:$BJ$60="x"), ROWS($1:6)), "") | B13: =IF(A13="","", PROPER(TRIM(LEFT(TRIM(INDEX('Thông tin HV'!$C$4:$C$60, A13)),LEN(TRIM(INDEX('Thông tin HV'!$C$4:$C$60, A13)))-LEN(C13))))) | C13: =IF(A13="","", PROPER(TRIM(RIGHT(SUBSTITUTE(TRIM(INDEX('Thông tin HV'!$C$4:$C$60, A13))," ",REPT(" ",100)),100)))) | D13: =IF(A13="","", INDEX('Thông tin HV'!$D$4:$D$60, A13)) | E13: =IF(A13="","", INDEX('Thông tin HV'!$O$4:$O$60, A13)) | F13: =IF(A13="","", INDEX('Thông tin HV'!$P$4:$P$60, A13)) | G13: =IF(A13="","", INDEX('Điểm KH'!$BH$4:$BH$60, A13)) | H13: =IF(A13="","", INDEX('Điểm KH'!$BI$4:$BI$60, A13)) | K13: TB - Khá | L13: =COUNTIF(H8:H38,"TB-Khá") | M13: =L13/SUM($L$10:$L$14)
A14: =IFERROR(AGGREGATE(15, 6, (ROW('Điểm KH'!$BJ$4:$BJ$60)-3)/('Điểm KH'!$BJ$4:$BJ$60="x"), ROWS($1:7)), "") | B14: =IF(A14="","", PROPER(TRIM(LEFT(TRIM(INDEX('Thông tin HV'!$C$4:$C$60, A14)),LEN(TRIM(INDEX('Thông tin HV'!$C$4:$C$60, A14)))-LEN(C14))))) | C14: =IF(A14="","", PROPER(TRIM(RIGHT(SUBSTITUTE(TRIM(INDEX('Thông tin HV'!$C$4:$C$60, A14))," ",REPT(" ",100)),100)))) | D14: =IF(A14="","", INDEX('Thông tin HV'!$D$4:$D$60, A14)) | E14: =IF(A14="","", INDEX('Thông tin HV'!$O$4:$O$60, A14)) | F14: =IF(A14="","", INDEX('Thông tin HV'!$P$4:$P$60, A14)) | G14: =IF(A14="","", INDEX('Điểm KH'!$BH$4:$BH$60, A14)) | H14: =IF(A14="","", INDEX('Điểm KH'!$BI$4:$BI$60, A14)) | K14: Trung bình | L14: =COUNTIF(H8:H38,"Trung bình") | M14: =L14/SUM($L$10:$L$14)
A15: =IFERROR(AGGREGATE(15, 6, (ROW('Điểm KH'!$BJ$4:$BJ$60)-3)/('Điểm KH'!$BJ$4:$BJ$60="x"), ROWS($1:8)), "") | B15: =IF(A15="","", PROPER(TRIM(LEFT(TRIM(INDEX('Thông tin HV'!$C$4:$C$60, A15)),LEN(TRIM(INDEX('Thông tin HV'!$C$4:$C$60, A15)))-LEN(C15))))) | C15: =IF(A15="","", PROPER(TRIM(RIGHT(SUBSTITUTE(TRIM(INDEX('Thông tin HV'!$C$4:$C$60, A15))," ",REPT(" ",100)),100)))) | D15: =IF(A15="","", INDEX('Thông tin HV'!$D$4:$D$60, A15)) | E15: =IF(A15="","", INDEX('Thông tin HV'!$O$4:$O$60, A15)) | F15: =IF(A15="","", INDEX('Thông tin HV'!$P$4:$P$60, A15)) | G15: =IF(A15="","", INDEX('Điểm KH'!$BH$4:$BH$60, A15)) | H15: =IF(A15="","", INDEX('Điểm KH'!$BI$4:$BI$60, A15))
A16: =IFERROR(AGGREGATE(15, 6, (ROW('Điểm KH'!$BJ$4:$BJ$60)-3)/('Điểm KH'!$BJ$4:$BJ$60="x"), ROWS($1:9)), "") | B16: =IF(A16="","", PROPER(TRIM(LEFT(TRIM(INDEX('Thông tin HV'!$C$4:$C$60, A16)),LEN(TRIM(INDEX('Thông tin HV'!$C$4:$C$60, A16)))-LEN(C16))))) | C16: =IF(A16="","", PROPER(TRIM(RIGHT(SUBSTITUTE(TRIM(INDEX('Thông tin HV'!$C$4:$C$60, A16))," ",REPT(" ",100)),100)))) | D16: =IF(A16="","", INDEX('Thông tin HV'!$D$4:$D$60, A16)) | E16: =IF(A16="","", INDEX('Thông tin HV'!$O$4:$O$60, A16)) | F16: =IF(A16="","", INDEX('Thông tin HV'!$P$4:$P$60, A16)) | G16: =IF(A16="","", INDEX('Điểm KH'!$BH$4:$BH$60, A16)) | H16: =IF(A16="","", INDEX('Điểm KH'!$BI$4:$BI$60, A16))
A17: =IFERROR(AGGREGATE(15, 6, (ROW('Điểm KH'!$BJ$4:$BJ$60)-3)/('Điểm KH'!$BJ$4:$BJ$60="x"), ROWS($1:10)), "") | B17: =IF(A17="","", PROPER(TRIM(LEFT(TRIM(INDEX('Thông tin HV'!$C$4:$C$60, A17)),LEN(TRIM(INDEX('Thông tin HV'!$C$4:$C$60, A17)))-LEN(C17))))) | C17: =IF(A17="","", PROPER(TRIM(RIGHT(SUBSTITUTE(TRIM(INDEX('Thông tin HV'!$C$4:$C$60, A17))," ",REPT(" ",100)),100)))) | D17: =IF(A17="","", INDEX('Thông tin HV'!$D$4:$D$60, A17)) | E17: =IF(A17="","", INDEX('Thông tin HV'!$O$4:$O$60, A17)) | F17: =IF(A17="","", INDEX('Thông tin HV'!$P$4:$P$60, A17)) | G17: =IF(A17="","", INDEX('Điểm KH'!$BH$4:$BH$60, A17)) | H17: =IF(A17="","", INDEX('Điểm KH'!$BI$4:$BI$60, A17))
A18: =IFERROR(AGGREGATE(15, 6, (ROW('Điểm KH'!$BJ$4:$BJ$60)-3)/('Điểm KH'!$BJ$4:$BJ$60="x"), ROWS($1:11)), "") | B18: =IF(A18="","", PROPER(TRIM(LEFT(TRIM(INDEX('Thông tin HV'!$C$4:$C$60, A18)),LEN(TRIM(INDEX('Thông tin HV'!$C$4:$C$60, A18)))-LEN(C18))))) | C18: =IF(A18="","", PROPER(TRIM(RIGHT(SUBSTITUTE(TRIM(INDEX('Thông tin HV'!$C$4:$C$60, A18))," ",REPT(" ",100)),100)))) | D18: =IF(A18="","", INDEX('Thông tin HV'!$D$4:$D$60, A18)) | E18: =IF(A18="","", INDEX('Thông tin HV'!$O$4:$O$60, A18)) | F18: =IF(A18="","", INDEX('Thông tin HV'!$P$4:$P$60, A18)) | G18: =IF(A18="","", INDEX('Điểm KH'!$BH$4:$BH$60, A18)) | H18: =IF(A18="","", INDEX('Điểm KH'!$BI$4:$BI$60, A18))
A19: =IFERROR(AGGREGATE(15, 6, (ROW('Điểm KH'!$BJ$4:$BJ$60)-3)/('Điểm KH'!$BJ$4:$BJ$60="x"), ROWS($1:12)), "") | B19: =IF(A19="","", PROPER(TRIM(LEFT(TRIM(INDEX('Thông tin HV'!$C$4:$C$60, A19)),LEN(TRIM(INDEX('Thông tin HV'!$C$4:$C$60, A19)))-LEN(C19))))) | C19: =IF(A19="","", PROPER(TRIM(RIGHT(SUBSTITUTE(TRIM(INDEX('Thông tin HV'!$C$4:$C$60, A19))," ",REPT(" ",100)),100)))) | D19: =IF(A19="","", INDEX('Thông tin HV'!$D$4:$D$60, A19)) | E19: =IF(A19="","", INDEX('Thông tin HV'!$O$4:$O$60, A19)) | F19: =IF(A19="","", INDEX('Thông tin HV'!$P$4:$P$60, A19)) | G19: =IF(A19="","", INDEX('Điểm KH'!$BH$4:$BH$60, A19)) | H19: =IF(A19="","", INDEX('Điểm KH'!$BI$4:$BI$60, A19))
A20: =IFERROR(AGGREGATE(15, 6, (ROW('Điểm KH'!$BJ$4:$BJ$60)-3)/('Điểm KH'!$BJ$4:$BJ$60="x"), ROWS($1:13)), "") | B20: =IF(A20="","", PROPER(TRIM(LEFT(TRIM(INDEX('Thông tin HV'!$C$4:$C$60, A20)),LEN(TRIM(INDEX('Thông tin HV'!$C$4:$C$60, A20)))-LEN(C20))))) | C20: =IF(A20="","", PROPER(TRIM(RIGHT(SUBSTITUTE(TRIM(INDEX('Thông tin HV'!$C$4:$C$60, A20))," ",REPT(" ",100)),100)))) | D20: =IF(A20="","", INDEX('Thông tin HV'!$D$4:$D$60, A20)) | E20: =IF(A20="","", INDEX('Thông tin HV'!$O$4:$O$60, A20)) | F20: =IF(A20="","", INDEX('Thông tin HV'!$P$4:$P$60, A20)) | G20: =IF(A20="","", INDEX('Điểm KH'!$BH$4:$BH$60, A20)) | H20: =IF(A20="","", INDEX('Điểm KH'!$BI$4:$BI$60, A20))
A21: =IFERROR(AGGREGATE(15, 6, (ROW('Điểm KH'!$BJ$4:$BJ$60)-3)/('Điểm KH'!$BJ$4:$BJ$60="x"), ROWS($1:14)), "") | B21: =IF(A21="","", PROPER(TRIM(LEFT(TRIM(INDEX('Thông tin HV'!$C$4:$C$60, A21)),LEN(TRIM(INDEX('Thông tin HV'!$C$4:$C$60, A21)))-LEN(C21))))) | C21: =IF(A21="","", PROPER(TRIM(RIGHT(SUBSTITUTE(TRIM(INDEX('Thông tin HV'!$C$4:$C$60, A21))," ",REPT(" ",100)),100)))) | D21: =IF(A21="","", INDEX('Thông tin HV'!$D$4:$D$60, A21)) | E21: =IF(A21="","", INDEX('Thông tin HV'!$O$4:$O$60, A21)) | F21: =IF(A21="","", INDEX('Thông tin HV'!$P$4:$P$60, A21)) | G21: =IF(A21="","", INDEX('Điểm KH'!$BH$4:$BH$60, A21)) | H21: =IF(A21="","", INDEX('Điểm KH'!$BI$4:$BI$60, A21))
A22: =IFERROR(AGGREGATE(15, 6, (ROW('Điểm KH'!$BJ$4:$BJ$60)-3)/('Điểm KH'!$BJ$4:$BJ$60="x"), ROWS($1:15)), "") | B22: =IF(A22="","", PROPER(TRIM(LEFT(TRIM(INDEX('Thông tin HV'!$C$4:$C$60, A22)),LEN(TRIM(INDEX('Thông tin HV'!$C$4:$C$60, A22)))-LEN(C22))))) | C22: =IF(A22="","", PROPER(TRIM(RIGHT(SUBSTITUTE(TRIM(INDEX('Thông tin HV'!$C$4:$C$60, A22))," ",REPT(" ",100)),100)))) | D22: =IF(A22="","", INDEX('Thông tin HV'!$D$4:$D$60, A22)) | E22: =IF(A22="","", INDEX('Thông tin HV'!$O$4:$O$60, A22)) | F22: =IF(A22="","", INDEX('Thông tin HV'!$P$4:$P$60, A22)) | G22: =IF(A22="","", INDEX('Điểm KH'!$BH$4:$BH$60, A22)) | H22: =IF(A22="","", INDEX('Điểm KH'!$BI$4:$BI$60, A22))
A23: =IFERROR(AGGREGATE(15, 6, (ROW('Điểm KH'!$BJ$4:$BJ$60)-3)/('Điểm KH'!$BJ$4:$BJ$60="x"), ROWS($1:16)), "") | B23: =IF(A23="","", PROPER(TRIM(LEFT(TRIM(INDEX('Thông tin HV'!$C$4:$C$60, A23)),LEN(TRIM(INDEX('Thông tin HV'!$C$4:$C$60, A23)))-LEN(C23))))) | C23: =IF(A23="","", PROPER(TRIM(RIGHT(SUBSTITUTE(TRIM(INDEX('Thông tin HV'!$C$4:$C$60, A23))," ",REPT(" ",100)),100)))) | D23: =IF(A23="","", INDEX('Thông tin HV'!$D$4:$D$60, A23)) | E23: =IF(A23="","", INDEX('Thông tin HV'!$O$4:$O$60, A23)) | F23: =IF(A23="","", INDEX('Thông tin HV'!$P$4:$P$60, A23)) | G23: =IF(A23="","", INDEX('Điểm KH'!$BH$4:$BH$60, A23)) | H23: =IF(A23="","", INDEX('Điểm KH'!$BI$4:$BI$60, A23))
A24: =IFERROR(AGGREGATE(15, 6, (ROW('Điểm KH'!$BJ$4:$BJ$60)-3)/('Điểm KH'!$BJ$4:$BJ$60="x"), ROWS($1:17)), "") | B24: =IF(A24="","", PROPER(TRIM(LEFT(TRIM(INDEX('Thông tin HV'!$C$4:$C$60, A24)),LEN(TRIM(INDEX('Thông tin HV'!$C$4:$C$60, A24)))-LEN(C24))))) | C24: =IF(A24="","", PROPER(TRIM(RIGHT(SUBSTITUTE(TRIM(INDEX('Thông tin HV'!$C$4:$C$60, A24))," ",REPT(" ",100)),100)))) | D24: =IF(A24="","", INDEX('Thông tin HV'!$D$4:$D$60, A24)) | E24: =IF(A24="","", INDEX('Thông tin HV'!$O$4:$O$60, A24)) | F24: =IF(A24="","", INDEX('Thông tin HV'!$P$4:$P$60, A24)) | G24: =IF(A24="","", INDEX('Điểm KH'!$BH$4:$BH$60, A24)) | H24: =IF(A24="","", INDEX('Điểm KH'!$BI$4:$BI$60, A24))
A25: =IFERROR(AGGREGATE(15, 6, (ROW('Điểm KH'!$BJ$4:$BJ$60)-3)/('Điểm KH'!$BJ$4:$BJ$60="x"), ROWS($1:18)), "") | B25: =IF(A25="","", PROPER(TRIM(LEFT(TRIM(INDEX('Thông tin HV'!$C$4:$C$60, A25)),LEN(TRIM(INDEX('Thông tin HV'!$C$4:$C$60, A25)))-LEN(C25))))) | C25: =IF(A25="","", PROPER(TRIM(RIGHT(SUBSTITUTE(TRIM(INDEX('Thông tin HV'!$C$4:$C$60, A25))," ",REPT(" ",100)),100)))) | D25: =IF(A25="","", INDEX('Thông tin HV'!$D$4:$D$60, A25)) | E25: =IF(A25="","", INDEX('Thông tin HV'!$O$4:$O$60, A25)) | F25: =IF(A25="","", INDEX('Thông tin HV'!$P$4:$P$60, A25)) | G25: =IF(A25="","", INDEX('Điểm KH'!$BH$4:$BH$60, A25)) | H25: =IF(A25="","", INDEX('Điểm KH'!$BI$4:$BI$60, A25))
A26: =IFERROR(AGGREGATE(15, 6, (ROW('Điểm KH'!$BJ$4:$BJ$60)-3)/('Điểm KH'!$BJ$4:$BJ$60="x"), ROWS($1:19)), "") | B26: =IF(A26="","", PROPER(TRIM(LEFT(TRIM(INDEX('Thông tin HV'!$C$4:$C$60, A26)),LEN(TRIM(INDEX('Thông tin HV'!$C$4:$C$60, A26)))-LEN(C26))))) | C26: =IF(A26="","", PROPER(TRIM(RIGHT(SUBSTITUTE(TRIM(INDEX('Thông tin HV'!$C$4:$C$60, A26))," ",REPT(" ",100)),100)))) | D26: =IF(A26="","", INDEX('Thông tin HV'!$D$4:$D$60, A26)) | E26: =IF(A26="","", INDEX('Thông tin HV'!$O$4:$O$60, A26)) | F26: =IF(A26="","", INDEX('Thông tin HV'!$P$4:$P$60, A26)) | G26: =IF(A26="","", INDEX('Điểm KH'!$BH$4:$BH$60, A26)) | H26: =IF(A26="","", INDEX('Điểm KH'!$BI$4:$BI$60, A26))
A27: =IFERROR(AGGREGATE(15, 6, (ROW('Điểm KH'!$BJ$4:$BJ$60)-3)/('Điểm KH'!$BJ$4:$BJ$60="x"), ROWS($1:20)), "") | B27: =IF(A27="","", PROPER(TRIM(LEFT(TRIM(INDEX('Thông tin HV'!$C$4:$C$60, A27)),LEN(TRIM(INDEX('Thông tin HV'!$C$4:$C$60, A27)))-LEN(C27))))) | C27: =IF(A27="","", PROPER(TRIM(RIGHT(SUBSTITUTE(TRIM(INDEX('Thông tin HV'!$C$4:$C$60, A27))," ",REPT(" ",100)),100)))) | D27: =IF(A27="","", INDEX('Thông tin HV'!$D$4:$D$60, A27)) | E27: =IF(A27="","", INDEX('Thông tin HV'!$O$4:$O$60, A27)) | F27: =IF(A27="","", INDEX('Thông tin HV'!$P$4:$P$60, A27)) | G27: =IF(A27="","", INDEX('Điểm KH'!$BH$4:$BH$60, A27)) | H27: =IF(A27="","", INDEX('Điểm KH'!$BI$4:$BI$60, A27))
A28: =IFERROR(AGGREGATE(15, 6, (ROW('Điểm KH'!$BJ$4:$BJ$60)-3)/('Điểm KH'!$BJ$4:$BJ$60="x"), ROWS($1:21)), "") | B28: =IF(A28="","", PROPER(TRIM(LEFT(TRIM(INDEX('Thông tin HV'!$C$4:$C$60, A28)),LEN(TRIM(INDEX('Thông tin HV'!$C$4:$C$60, A28)))-LEN(C28))))) | C28: =IF(A28="","", PROPER(TRIM(RIGHT(SUBSTITUTE(TRIM(INDEX('Thông tin HV'!$C$4:$C$60, A28))," ",REPT(" ",100)),100)))) | D28: =IF(A28="","", INDEX('Thông tin HV'!$D$4:$D$60, A28)) | E28: =IF(A28="","", INDEX('Thông tin HV'!$O$4:$O$60, A28)) | F28: =IF(A28="","", INDEX('Thông tin HV'!$P$4:$P$60, A28)) | G28: =IF(A28="","", INDEX('Điểm KH'!$BH$4:$BH$60, A28)) | H28: =IF(A28="","", INDEX('Điểm KH'!$BI$4:$BI$60, A28))
A29: =IFERROR(AGGREGATE(15, 6, (ROW('Điểm KH'!$BJ$4:$BJ$60)-3)/('Điểm KH'!$BJ$4:$BJ$60="x"), ROWS($1:22)), "") | B29: =IF(A29="","", PROPER(TRIM(LEFT(TRIM(INDEX('Thông tin HV'!$C$4:$C$60, A29)),LEN(TRIM(INDEX('Thông tin HV'!$C$4:$C$60, A29)))-LEN(C29))))) | C29: =IF(A29="","", PROPER(TRIM(RIGHT(SUBSTITUTE(TRIM(INDEX('Thông tin HV'!$C$4:$C$60, A29))," ",REPT(" ",100)),100)))) | D29: =IF(A29="","", INDEX('Thông tin HV'!$D$4:$D$60, A29)) | E29: =IF(A29="","", INDEX('Thông tin HV'!$O$4:$O$60, A29)) | F29: =IF(A29="","", INDEX('Thông tin HV'!$P$4:$P$60, A29)) | G29: =IF(A29="","", INDEX('Điểm KH'!$BH$4:$BH$60, A29)) | H29: =IF(A29="","", INDEX('Điểm KH'!$BI$4:$BI$60, A29))
A30: =IFERROR(AGGREGATE(15, 6, (ROW('Điểm KH'!$BJ$4:$BJ$60)-3)/('Điểm KH'!$BJ$4:$BJ$60="x"), ROWS($1:23)), "") | B30: =IF(A30="","", PROPER(TRIM(LEFT(TRIM(INDEX('Thông tin HV'!$C$4:$C$60, A30)),LEN(TRIM(INDEX('Thông tin HV'!$C$4:$C$60, A30)))-LEN(C30))))) | C30: =IF(A30="","", PROPER(TRIM(RIGHT(SUBSTITUTE(TRIM(INDEX('Thông tin HV'!$C$4:$C$60, A30))," ",REPT(" ",100)),100)))) | D30: =IF(A30="","", INDEX('Thông tin HV'!$D$4:$D$60, A30)) | E30: =IF(A30="","", INDEX('Thông tin HV'!$O$4:$O$60, A30)) | F30: =IF(A30="","", INDEX('Thông tin HV'!$P$4:$P$60, A30)) | G30: =IF(A30="","", INDEX('Điểm KH'!$BH$4:$BH$60, A30)) | H30: =IF(A30="","", INDEX('Điểm KH'!$BI$4:$BI$60, A30))
A31: =IFERROR(AGGREGATE(15, 6, (ROW('Điểm KH'!$BJ$4:$BJ$60)-3)/('Điểm KH'!$BJ$4:$BJ$60="x"), ROWS($1:24)), "") | B31: =IF(A31="","", PROPER(TRIM(LEFT(TRIM(INDEX('Thông tin HV'!$C$4:$C$60, A31)),LEN(TRIM(INDEX('Thông tin HV'!$C$4:$C$60, A31)))-LEN(C31))))) | C31: =IF(A31="","", PROPER(TRIM(RIGHT(SUBSTITUTE(TRIM(INDEX('Thông tin HV'!$C$4:$C$60, A31))," ",REPT(" ",100)),100)))) | D31: =IF(A31="","", INDEX('Thông tin HV'!$D$4:$D$60, A31)) | E31: =IF(A31="","", INDEX('Thông tin HV'!$O$4:$O$60, A31)) | F31: =IF(A31="","", INDEX('Thông tin HV'!$P$4:$P$60, A31)) | G31: =IF(A31="","", INDEX('Điểm KH'!$BH$4:$BH$60, A31)) | H31: =IF(A31="","", INDEX('Điểm KH'!$BI$4:$BI$60, A31))
A32: =IFERROR(AGGREGATE(15, 6, (ROW('Điểm KH'!$BJ$4:$BJ$60)-3)/('Điểm KH'!$BJ$4:$BJ$60="x"), ROWS($1:25)), "") | B32: =IF(A32="","", PROPER(TRIM(LEFT(TRIM(INDEX('Thông tin HV'!$C$4:$C$60, A32)),LEN(TRIM(INDEX('Thông tin HV'!$C$4:$C$60, A32)))-LEN(C32))))) | C32: =IF(A32="","", PROPER(TRIM(RIGHT(SUBSTITUTE(TRIM(INDEX('Thông tin HV'!$C$4:$C$60, A32))," ",REPT(" ",100)),100)))) | D32: =IF(A32="","", INDEX('Thông tin HV'!$D$4:$D$60, A32)) | E32: =IF(A32="","", INDEX('Thông tin HV'!$O$4:$O$60, A32)) | F32: =IF(A32="","", INDEX('Thông tin HV'!$P$4:$P$60, A32)) | G32: =IF(A32="","", INDEX('Điểm KH'!$BH$4:$BH$60, A32)) | H32: =IF(A32="","", INDEX('Điểm KH'!$BI$4:$BI$60, A32))
A33: =IFERROR(AGGREGATE(15, 6, (ROW('Điểm KH'!$BJ$4:$BJ$60)-3)/('Điểm KH'!$BJ$4:$BJ$60="x"), ROWS($1:26)), "") | B33: =IF(A33="","", PROPER(TRIM(LEFT(TRIM(INDEX('Thông tin HV'!$C$4:$C$60, A33)),LEN(TRIM(INDEX('Thông tin HV'!$C$4:$C$60, A33)))-LEN(C33))))) | C33: =IF(A33="","", PROPER(TRIM(RIGHT(SUBSTITUTE(TRIM(INDEX('Thông tin HV'!$C$4:$C$60, A33))," ",REPT(" ",100)),100)))) | D33: =IF(A33="","", INDEX('Thông tin HV'!$D$4:$D$60, A33)) | E33: =IF(A33="","", INDEX('Thông tin HV'!$O$4:$O$60, A33)) | F33: =IF(A33="","", INDEX('Thông tin HV'!$P$4:$P$60, A33)) | G33: =IF(A33="","", INDEX('Điểm KH'!$BH$4:$BH$60, A33)) | H33: =IF(A33="","", INDEX('Điểm KH'!$BI$4:$BI$60, A33))
A34: =IFERROR(AGGREGATE(15, 6, (ROW('Điểm KH'!$BJ$4:$BJ$60)-3)/('Điểm KH'!$BJ$4:$BJ$60="x"), ROWS($1:27)), "") | B34: =IF(A34="","", PROPER(TRIM(LEFT(TRIM(INDEX('Thông tin HV'!$C$4:$C$60, A34)),LEN(TRIM(INDEX('Thông tin HV'!$C$4:$C$60, A34)))-LEN(C34))))) | C34: =IF(A34="","", PROPER(TRIM(RIGHT(SUBSTITUTE(TRIM(INDEX('Thông tin HV'!$C$4:$C$60, A34))," ",REPT(" ",100)),100)))) | D34: =IF(A34="","", INDEX('Thông tin HV'!$D$4:$D$60, A34)) | E34: =IF(A34="","", INDEX('Thông tin HV'!$O$4:$O$60, A34)) | F34: =IF(A34="","", INDEX('Thông tin HV'!$P$4:$P$60, A34)) | G34: =IF(A34="","", INDEX('Điểm KH'!$BH$4:$BH$60, A34)) | H34: =IF(A34="","", INDEX('Điểm KH'!$BI$4:$BI$60, A34))
A35: =IFERROR(AGGREGATE(15, 6, (ROW('Điểm KH'!$BJ$4:$BJ$60)-3)/('Điểm KH'!$BJ$4:$BJ$60="x"), ROWS($1:28)), "") | B35: =IF(A35="","", PROPER(TRIM(LEFT(TRIM(INDEX('Thông tin HV'!$C$4:$C$60, A35)),LEN(TRIM(INDEX('Thông tin HV'!$C$4:$C$60, A35)))-LEN(C35))))) | C35: =IF(A35="","", PROPER(TRIM(RIGHT(SUBSTITUTE(TRIM(INDEX('Thông tin HV'!$C$4:$C$60, A35))," ",REPT(" ",100)),100)))) | D35: =IF(A35="","", INDEX('Thông tin HV'!$D$4:$D$60, A35)) | E35: =IF(A35="","", INDEX('Thông tin HV'!$O$4:$O$60, A35)) | F35: =IF(A35="","", INDEX('Thông tin HV'!$P$4:$P$60, A35)) | G35: =IF(A35="","", INDEX('Điểm KH'!$BH$4:$BH$60, A35)) | H35: =IF(A35="","", INDEX('Điểm KH'!$BI$4:$BI$60, A35))
A36: =IFERROR(AGGREGATE(15, 6, (ROW('Điểm KH'!$BJ$4:$BJ$60)-3)/('Điểm KH'!$BJ$4:$BJ$60="x"), ROWS($1:29)), "") | B36: =IF(A36="","", PROPER(TRIM(LEFT(TRIM(INDEX('Thông tin HV'!$C$4:$C$60, A36)),LEN(TRIM(INDEX('Thông tin HV'!$C$4:$C$60, A36)))-LEN(C36))))) | C36: =IF(A36="","", PROPER(TRIM(RIGHT(SUBSTITUTE(TRIM(INDEX('Thông tin HV'!$C$4:$C$60, A36))," ",REPT(" ",100)),100)))) | D36: =IF(A36="","", INDEX('Thông tin HV'!$D$4:$D$60, A36)) | E36: =IF(A36="","", INDEX('Thông tin HV'!$O$4:$O$60, A36)) | F36: =IF(A36="","", INDEX('Thông tin HV'!$P$4:$P$60, A36)) | G36: =IF(A36="","", INDEX('Điểm KH'!$BH$4:$BH$60, A36)) | H36: =IF(A36="","", INDEX('Điểm KH'!$BI$4:$BI$60, A36))
A37: =IFERROR(AGGREGATE(15, 6, (ROW('Điểm KH'!$BJ$4:$BJ$60)-3)/('Điểm KH'!$BJ$4:$BJ$60="x"), ROWS($1:30)), "") | B37: =IF(A37="","", PROPER(TRIM(LEFT(TRIM(INDEX('Thông tin HV'!$C$4:$C$60, A37)),LEN(TRIM(INDEX('Thông tin HV'!$C$4:$C$60, A37)))-LEN(C37))))) | C37: =IF(A37="","", PROPER(TRIM(RIGHT(SUBSTITUTE(TRIM(INDEX('Thông tin HV'!$C$4:$C$60, A37))," ",REPT(" ",100)),100)))) | D37: =IF(A37="","", INDEX('Thông tin HV'!$D$4:$D$60, A37)) | E37: =IF(A37="","", INDEX('Thông tin HV'!$O$4:$O$60, A37)) | F37: =IF(A37="","", INDEX('Thông tin HV'!$P$4:$P$60, A37)) | G37: =IF(A37="","", INDEX('Điểm KH'!$BH$4:$BH$60, A37)) | H37: =IF(A37="","", INDEX('Điểm KH'!$BI$4:$BI$60, A37))
A38: =IFERROR(AGGREGATE(15, 6, (ROW('Điểm KH'!$BJ$4:$BJ$60)-3)/('Điểm KH'!$BJ$4:$BJ$60="x"), ROWS($1:31)), "") | B38: =IF(A38="","", PROPER(TRIM(LEFT(TRIM(INDEX('Thông tin HV'!$C$4:$C$60, A38)),LEN(TRIM(INDEX('Thông tin HV'!$C$4:$C$60, A38)))-LEN(C38))))) | C38: =IF(A38="","", PROPER(TRIM(RIGHT(SUBSTITUTE(TRIM(INDEX('Thông tin HV'!$C$4:$C$60, A38))," ",REPT(" ",100)),100)))) | D38: =IF(A38="","", INDEX('Thông tin HV'!$D$4:$D$60, A38)) | E38: =IF(A38="","", INDEX('Thông tin HV'!$O$4:$O$60, A38)) | F38: =IF(A38="","", INDEX('Thông tin HV'!$P$4:$P$60, A38)) | G38: =IF(A38="","", INDEX('Điểm KH'!$BH$4:$BH$60, A38)) | H38: =IF(A38="","", INDEX('Điểm KH'!$BI$4:$BI$60, A38))
A39: =IFERROR(AGGREGATE(15, 6, (ROW('Điểm KH'!$BJ$4:$BJ$60)-3)/('Điểm KH'!$BJ$4:$BJ$60="x"), ROWS($1:32)), "") | B39: =IF(A39="","", PROPER(TRIM(LEFT(TRIM(INDEX('Thông tin HV'!$C$4:$C$60, A39)),LEN(TRIM(INDEX('Thông tin HV'!$C$4:$C$60, A39)))-LEN(C39))))) | C39: =IF(A39="","", PROPER(TRIM(RIGHT(SUBSTITUTE(TRIM(INDEX('Thông tin HV'!$C$4:$C$60, A39))," ",REPT(" ",100)),100)))) | D39: =IF(A39="","", INDEX('Thông tin HV'!$D$4:$D$60, A39)) | E39: =IF(A39="","", INDEX('Thông tin HV'!$O$4:$O$60, A39)) | F39: =IF(A39="","", INDEX('Thông tin HV'!$P$4:$P$60, A39)) | G39: =IF(A39="","", INDEX('Điểm KH'!$BH$4:$BH$60, A39)) | H39: =IF(A39="","", INDEX('Điểm KH'!$BI$4:$BI$60, A39))
A40: =IFERROR(AGGREGATE(15, 6, (ROW('Điểm KH'!$BJ$4:$BJ$60)-3)/('Điểm KH'!$BJ$4:$BJ$60="x"), ROWS($1:33)), "") | B40: =IF(A40="","", PROPER(TRIM(LEFT(TRIM(INDEX('Thông tin HV'!$C$4:$C$60, A40)),LEN(TRIM(INDEX('Thông tin HV'!$C$4:$C$60, A40)))-LEN(C40))))) | C40: =IF(A40="","", PROPER(TRIM(RIGHT(SUBSTITUTE(TRIM(INDEX('Thông tin HV'!$C$4:$C$60, A40))," ",REPT(" ",100)),100)))) | D40: =IF(A40="","", INDEX('Thông tin HV'!$D$4:$D$60, A40)) | E40: =IF(A40="","", INDEX('Thông tin HV'!$O$4:$O$60, A40)) | F40: =IF(A40="","", INDEX('Thông tin HV'!$P$4:$P$60, A40)) | G40: =IF(A40="","", INDEX('Điểm KH'!$BH$4:$BH$60, A40)) | H40: =IF(A40="","", INDEX('Điểm KH'!$BI$4:$BI$60, A40))
A41: =IFERROR(AGGREGATE(15, 6, (ROW('Điểm KH'!$BJ$4:$BJ$60)-3)/('Điểm KH'!$BJ$4:$BJ$60="x"), ROWS($1:34)), "") | B41: =IF(A41="","", PROPER(TRIM(LEFT(TRIM(INDEX('Thông tin HV'!$C$4:$C$60, A41)),LEN(TRIM(INDEX('Thông tin HV'!$C$4:$C$60, A41)))-LEN(C41))))) | C41: =IF(A41="","", PROPER(TRIM(RIGHT(SUBSTITUTE(TRIM(INDEX('Thông tin HV'!$C$4:$C$60, A41))," ",REPT(" ",100)),100)))) | D41: =IF(A41="","", INDEX('Thông tin HV'!$D$4:$D$60, A41)) | E41: =IF(A41="","", INDEX('Thông tin HV'!$O$4:$O$60, A41)) | F41: =IF(A41="","", INDEX('Thông tin HV'!$P$4:$P$60, A41)) | G41: =IF(A41="","", INDEX('Điểm KH'!$BH$4:$BH$60, A41)) | H41: =IF(A41="","", INDEX('Điểm KH'!$BI$4:$BI$60, A41))
A42: =IFERROR(AGGREGATE(15, 6, (ROW('Điểm KH'!$BJ$4:$BJ$60)-3)/('Điểm KH'!$BJ$4:$BJ$60="x"), ROWS($1:35)), "") | B42: =IF(A42="","", PROPER(TRIM(LEFT(TRIM(INDEX('Thông tin HV'!$C$4:$C$60, A42)),LEN(TRIM(INDEX('Thông tin HV'!$C$4:$C$60, A42)))-LEN(C42))))) | C42: =IF(A42="","", PROPER(TRIM(RIGHT(SUBSTITUTE(TRIM(INDEX('Thông tin HV'!$C$4:$C$60, A42))," ",REPT(" ",100)),100)))) | D42: =IF(A42="","", INDEX('Thông tin HV'!$D$4:$D$60, A42)) | E42: =IF(A42="","", INDEX('Thông tin HV'!$O$4:$O$60, A42)) | F42: =IF(A42="","", INDEX('Thông tin HV'!$P$4:$P$60, A42)) | G42: =IF(A42="","", INDEX('Điểm KH'!$BH$4:$BH$60, A42)) | H42: =IF(A42="","", INDEX('Điểm KH'!$BI$4:$BI$60, A42))
A43: =IFERROR(AGGREGATE(15, 6, (ROW('Điểm KH'!$BJ$4:$BJ$60)-3)/('Điểm KH'!$BJ$4:$BJ$60="x"), ROWS($1:36)), "") | B43: =IF(A43="","", PROPER(TRIM(LEFT(TRIM(INDEX('Thông tin HV'!$C$4:$C$60, A43)),LEN(TRIM(INDEX('Thông tin HV'!$C$4:$C$60, A43)))-LEN(C43))))) | C43: =IF(A43="","", PROPER(TRIM(RIGHT(SUBSTITUTE(TRIM(INDEX('Thông tin HV'!$C$4:$C$60, A43))," ",REPT(" ",100)),100)))) | D43: =IF(A43="","", INDEX('Thông tin HV'!$D$4:$D$60, A43)) | E43: =IF(A43="","", INDEX('Thông tin HV'!$O$4:$O$60, A43)) | F43: =IF(A43="","", INDEX('Thông tin HV'!$P$4:$P$60, A43)) | G43: =IF(A43="","", INDEX('Điểm KH'!$BH$4:$BH$60, A43)) | H43: =IF(A43="","", INDEX('Điểm KH'!$BI$4:$BI$60, A43))
A44: =IFERROR(AGGREGATE(15, 6, (ROW('Điểm KH'!$BJ$4:$BJ$60)-3)/('Điểm KH'!$BJ$4:$BJ$60="x"), ROWS($1:37)), "") | B44: =IF(A44="","", PROPER(TRIM(LEFT(TRIM(INDEX('Thông tin HV'!$C$4:$C$60, A44)),LEN(TRIM(INDEX('Thông tin HV'!$C$4:$C$60, A44)))-LEN(C44))))) | C44: =IF(A44="","", PROPER(TRIM(RIGHT(SUBSTITUTE(TRIM(INDEX('Thông tin HV'!$C$4:$C$60, A44))," ",REPT(" ",100)),100)))) | D44: =IF(A44="","", INDEX('Thông tin HV'!$D$4:$D$60, A44)) | E44: =IF(A44="","", INDEX('Thông tin HV'!$O$4:$O$60, A44)) | F44: =IF(A44="","", INDEX('Thông tin HV'!$P$4:$P$60, A44)) | G44: =IF(A44="","", INDEX('Điểm KH'!$BH$4:$BH$60, A44)) | H44: =IF(A44="","", INDEX('Điểm KH'!$BI$4:$BI$60, A44))
A45: =IFERROR(AGGREGATE(15, 6, (ROW('Điểm KH'!$BJ$4:$BJ$60)-3)/('Điểm KH'!$BJ$4:$BJ$60="x"), ROWS($1:38)), "") | B45: =IF(A45="","", PROPER(TRIM(LEFT(TRIM(INDEX('Thông tin HV'!$C$4:$C$60, A45)),LEN(TRIM(INDEX('Thông tin HV'!$C$4:$C$60, A45)))-LEN(C45))))) | C45: =IF(A45="","", PROPER(TRIM(RIGHT(SUBSTITUTE(TRIM(INDEX('Thông tin HV'!$C$4:$C$60, A45))," ",REPT(" ",100)),100)))) | D45: =IF(A45="","", INDEX('Thông tin HV'!$D$4:$D$60, A45)) | E45: =IF(A45="","", INDEX('Thông tin HV'!$O$4:$O$60, A45)) | F45: =IF(A45="","", INDEX('Thông tin HV'!$P$4:$P$60, A45)) | G45: =IF(A45="","", INDEX('Điểm KH'!$BH$4:$BH$60, A45)) | H45: =IF(A45="","", INDEX('Điểm KH'!$BI$4:$BI$60, A45))
A46: =IFERROR(AGGREGATE(15, 6, (ROW('Điểm KH'!$BJ$4:$BJ$60)-3)/('Điểm KH'!$BJ$4:$BJ$60="x"), ROWS($1:39)), "") | B46: =IF(A46="","", PROPER(TRIM(LEFT(TRIM(INDEX('Thông tin HV'!$C$4:$C$60, A46)),LEN(TRIM(INDEX('Thông tin HV'!$C$4:$C$60, A46)))-LEN(C46))))) | C46: =IF(A46="","", PROPER(TRIM(RIGHT(SUBSTITUTE(TRIM(INDEX('Thông tin HV'!$C$4:$C$60, A46))," ",REPT(" ",100)),100)))) | D46: =IF(A46="","", INDEX('Thông tin HV'!$D$4:$D$60, A46)) | E46: =IF(A46="","", INDEX('Thông tin HV'!$O$4:$O$60, A46)) | F46: =IF(A46="","", INDEX('Thông tin HV'!$P$4:$P$60, A46)) | G46: =IF(A46="","", INDEX('Điểm KH'!$BH$4:$BH$60, A46)) | H46: =IF(A46="","", INDEX('Điểm KH'!$BI$4:$BI$60, A46))
A47: =IFERROR(AGGREGATE(15, 6, (ROW('Điểm KH'!$BJ$4:$BJ$60)-3)/('Điểm KH'!$BJ$4:$BJ$60="x"), ROWS($1:40)), "") | B47: =IF(A47="","", PROPER(TRIM(LEFT(TRIM(INDEX('Thông tin HV'!$C$4:$C$60, A47)),LEN(TRIM(INDEX('Thông tin HV'!$C$4:$C$60, A47)))-LEN(C47))))) | C47: =IF(A47="","", PROPER(TRIM(RIGHT(SUBSTITUTE(TRIM(INDEX('Thông tin HV'!$C$4:$C$60, A47))," ",REPT(" ",100)),100)))) | D47: =IF(A47="","", INDEX('Thông tin HV'!$D$4:$D$60, A47)) | E47: =IF(A47="","", INDEX('Thông tin HV'!$O$4:$O$60, A47)) | F47: =IF(A47="","", INDEX('Thông tin HV'!$P$4:$P$60, A47)) | G47: =IF(A47="","", INDEX('Điểm KH'!$BH$4:$BH$60, A47)) | H47: =IF(A47="","", INDEX('Điểm KH'!$BI$4:$BI$60, A47))

Sheet IDs
B1: Các nghề đào tạo của đơn vị | G1: Nhóm đối tượng
A2: Số TT | B2: Tên nghề | C2: Lĩnh vực | D2: Thời gian đào tạo (Tháng) | E2: Trình độ đào tạo | G2: Số TT | H2: Đối tượng | I2: Thuộc nhóm
G3: 1 | H3: Người khuyết tật | I3: 1
A4: 01 | B4: Vận hành, sửa chữa máy nông nghiệp | C4: Phi nông nghiệp | D4: 3 | E4: Sơ cấp | G4: 2 | H4: Người thuộc hộ dân tộc thiểu số nghèo | I4: 2
A5: 02 | B5: Vận hành máy kéo nông nghiệp | C5: Phi nông nghiệp | D5: 1 | E5: Sơ cấp | G5: 3 | H5: Người thuộc hộ nghèo ở các xã, thôn, bản đặc biệt khó khăn | I5: 2
A6: 03 | B6: Nề - Hoàn thiện | C6: Phi nông nghiệp | D6: 3 | E6: Dưới 3 tháng | G6: 4 | H6: Người dân tộc thiểu số | I6: 3
A7: 04 | B7: Hàn điện | C7: Phi nông nghiệp | D7: 3 | E7: Sơ cấp | G7: 5 | H7: Người thuộc diện được hưởng chính sách ưu đãi người có công với cách mạng | I7: 3
A8: 05 | B8: Trồng rau an toàn | C8: Nông nghiệp | D8: 2 | E8: Dưới 3 tháng | G8: 6 | H8: Người thuộc hộ nghèo | I8: 3
A9: 06 | B9: Trồng dâu - nuôi tằm | C9: Nông nghiệp | D9: 2 | E9: Dưới 3 tháng | G9: 7 | H9: Người thuộc hộ gia đình bị thu hồi đất nông nghiệp, đất kinh doanh | I9: 3
A10: 07 | B10: Trồng và chăm sóc cây mắc ca | C10: Nông nghiệp | D10: 1 | E10: Dưới 3 tháng | G10: 8 | H10: Lao động nữ bị mất việc làm | I10: 3
A11: 08 | B11: Trồng keo, bạch đàn, thông làm nguyên liệu giấy | C11: Nông nghiệp | D11: 1 | E11: Dưới 3 tháng | G11: 9 | H11: Người thuộc hộ cận nghèo | I11: 4
A12: 09 | B12: Trồng và chăm sóc cây sầu riêng | C12: Nông nghiệp | D12: 1 | E12: Dưới 3 tháng | G12: 10 | H12: Đối tượng lao động nông thôn khác | I12: 5
A13: 10 | B13: Trồng nấm sò | C13: Nông nghiệp | D13: 1 | E13: Dưới 3 tháng
A14: 11 | B14: Trồng, chăm sóc sâm Ngọc Linh | C14: Nông nghiệp | D14: 1 | E14: Dưới 3 tháng
A15: 12 | B15: Trồng và chăm sóc cà phê vối | C15: Nông nghiệp | D15: 1 | E15: Dưới 3 tháng
A16: 13 | B16: Trồng và chăm sóc cây cà phê | C16: Nông nghiệp | D16: 1 | E16: Dưới 3 tháng
A17: 14 | B17: Trồng và chăm sóc cây cà phê | C17: Nông nghiệp | D17: 2 | E17: Dưới 3 tháng
A18: 15 | B18: Nuôi và phòng trị bệnh cho trâu bò | C18: Nông nghiệp | D18: 2 | E18: Dưới 3 tháng
A19: 16 | B19: Nuôi và phòng trị bệnh cho lợn | C19: Nông nghiệp | D19: 2 | E19: Dưới 3 tháng
A20: 17 | B20: Nuôi và phòng trị bệnh cho gà | C20: Nông nghiệp | D20: 2 | E20: Dưới 3 tháng
A21: 18 | B21: Nuôi và phòng trị bệnh cho dê | C21: Nông nghiệp | D21: 1 | E21: Dưới 3 tháng
A22: 19 | B22: Nuôi dúi | C22: Nông nghiệp | D22: 1 | E22: Dưới 3 tháng
A23: 20 | B23: Cạo mủ cao su | C23: Nông nghiệp | D23: 1 | E23: Dưới 3 tháng
A24: 21 | B24: Quản lý và sử dụng thuốc bảo vệ thực vật | C24: Nông nghiệp | D24: 1 | E24: Dưới 3 tháng
A25: 22
A26: 23
A27: 24
A28: 25
A29: 26
A30: 27
A31: 28
A32: 29
A33: 30
